{
    "sample_id": 65,
    "R": [
        [
            -0.6134384374100116,
            -0.7869236604476535,
            -0.06666660435052503
        ],
        [
            0.7457387901885114,
            -0.5494059914437364,
            -0.3768643169283878
        ],
        [
            0.25993641591000405,
            -0.28089893056647824,
            0.9238662514078917
        ]
    ],
    "t": [
        [
            0.02533898273455274
        ],
        [
            -0.10600053285103389
        ],
        [
            0.9148925470607723
        ]
    ],
    "T": [
        [
            -0.6134384374100116,
            -0.7869236604476535,
            -0.06666660435052503,
            0.02533898273455274
        ],
        [
            0.7457387901885114,
            -0.5494059914437364,
            -0.3768643169283878,
            -0.10600053285103389
        ],
        [
            0.25993641591000405,
            -0.28089893056647824,
            0.9238662514078917,
            0.9148925470607723
        ],
        [
            0.0,
            0.0,
            0.0,
            1.0
        ]
    ],
    "rvec": [
        [
            0.13684988075227283
        ],
        [
            -0.4657469330392449
        ],
        [
            2.185628397431191
        ]
    ]
}