{
    "sample_id": 63,
    "R": [
        [
            -0.07260661674004969,
            0.9846364194822949,
            -0.15880617316291493
        ],
        [
            -0.8323457629553564,
            -0.14754403507972094,
            -0.5342576986835657
        ],
        [
            -0.5494804910966623,
            0.09339100139456818,
            0.8302706250149351
        ]
    ],
    "t": [
        [
            0.23193127648758677
        ],
        [
            -0.07498438592712946
        ],
        [
            0.9562800955936362
        ]
    ],
    "T": [
        [
            -0.07260661674004969,
            0.9846364194822949,
            -0.15880617316291493,
            0.23193127648758677
        ],
        [
            -0.8323457629553564,
            -0.14754403507972094,
            -0.5342576986835657,
            -0.07498438592712946
        ],
        [
            -0.5494804910966623,
            0.09339100139456818,
            0.8302706250149351,
            0.9562800955936362
        ],
        [
            0.0,
            0.0,
            0.0,
            1.0
        ]
    ],
    "rvec": [
        [
            0.5653718746255267
        ],
        [
            0.3519106651073373
        ],
        [
            -1.6366968059012539
        ]
    ]
}