{
    "sample_id": 37,
    "R": [
        [
            -0.4426686502927092,
            0.8942765180346615,
            -0.0656808597677647
        ],
        [
            -0.8934120543731513,
            -0.4461209031983466,
            -0.05283030219709781
        ],
        [
            -0.07654650317797868,
            0.03529375328996829,
            0.9964411592411918
        ]
    ],
    "t": [
        [
            0.4436171630651652
        ],
        [
            0.010272775063958225
        ],
        [
            1.0047566827560557
        ]
    ],
    "T": [
        [
            -0.4426686502927092,
            0.8942765180346615,
            -0.0656808597677647,
            0.4436171630651652
        ],
        [
            -0.8934120543731513,
            -0.4461209031983466,
            -0.05283030219709781,
            0.010272775063958225
        ],
        [
            -0.07654650317797868,
            0.03529375328996829,
            0.9964411592411918,
            1.0047566827560557
        ],
        [
            0.0,
            0.0,
            0.0,
            1.0
        ]
    ],
    "rvec": [
        [
            0.1001071826581858
        ],
        [
            0.012343155833592455
        ],
        [
            -2.0307788317827273
        ]
    ]
}