{
    "sample_id": 68,
    "R": [
        [
            -0.9964320363175952,
            0.01863310168955993,
            -0.08231648997252669
        ],
        [
            -0.034224006259420264,
            -0.9807436577636068,
            0.19227739116187423
        ],
        [
            -0.0771486512877946,
            0.1944085524813344,
            0.9778820993998135
        ]
    ],
    "t": [
        [
            0.2596994962212184
        ],
        [
            0.1599329355594511
        ],
        [
            0.9314092812692665
        ]
    ],
    "T": [
        [
            -0.9964320363175952,
            0.01863310168955993,
            -0.08231648997252669,
            0.2596994962212184
        ],
        [
            -0.034224006259420264,
            -0.9807436577636068,
            0.19227739116187423,
            0.1599329355594511
        ],
        [
            -0.0771486512877946,
            0.1944085524813344,
            0.9778820993998135,
            0.9314092812692665
        ],
        [
            0.0,
            0.0,
            0.0,
            1.0
        ]
    ],
    "rvec": [
        [
            0.12489862177960495
        ],
        [
            -0.30286582409719454
        ],
        [
            -3.097738249001122
        ]
    ]
}