{
    "sample_id": 29,
    "R": [
        [
            -0.9465440246766851,
            -0.31672369130432043,
            -0.06115973115889751
        ],
        [
            0.3225150598548953,
            -0.9255591741888939,
            -0.19830343224857722
        ],
        [
            0.006200444795041655,
            -0.20742786322318973,
            0.9782306660716608
        ]
    ],
    "t": [
        [
            0.05210895008106719
        ],
        [
            -0.08358290740313369
        ],
        [
            1.1871781226461953
        ]
    ],
    "T": [
        [
            -0.9465440246766851,
            -0.31672369130432043,
            -0.06115973115889751,
            0.05210895008106719
        ],
        [
            0.3225150598548953,
            -0.9255591741888939,
            -0.19830343224857722,
            -0.08358290740313369
        ],
        [
            0.006200444795041655,
            -0.20742786322318973,
            0.9782306660716608,
            1.1871781226461953
        ],
        [
            0.0,
            0.0,
            0.0,
            1.0
        ]
    ],
    "rvec": [
        [
            -0.03994671417340558
        ],
        [
            -0.29490252082449236
        ],
        [
            2.7985841256480426
        ]
    ]
}