{
    "sample_id": 2,
    "R": [
        [
            -0.9517503243167286,
            0.3068613643323246,
            0.0027245629202399912
        ],
        [
            -0.2592326382842272,
            -0.7992120311337966,
            -0.5422716741073523
        ],
        [
            -0.16422472228991897,
            -0.516813537333433,
            0.840198790892788
        ]
    ],
    "t": [
        [
            0.35718786719802087
        ],
        [
            0.19144978336390833
        ],
        [
            0.9488690762476115
        ]
    ],
    "T": [
        [
            -0.9517503243167286,
            0.3068613643323246,
            0.0027245629202399912,
            0.35718786719802087
        ],
        [
            -0.2592326382842272,
            -0.7992120311337966,
            -0.5422716741073523,
            0.19144978336390833
        ],
        [
            -0.16422472228991897,
            -0.516813537333433,
            0.840198790892788,
            0.9488690762476115
        ],
        [
            0.0,
            0.0,
            0.0,
            1.0
        ]
    ],
    "rvec": [
        [
            0.12246443384215275
        ],
        [
            0.8030968595690632
        ],
        [
            -2.7231522144580547
        ]
    ]
}