{
    "sample_id": 6,
    "R": [
        [
            -0.7962858791790699,
            -0.5764998108337441,
            -0.18323964289605316
        ],
        [
            0.5758889609417054,
            -0.6297397349055045,
            -0.5213250146948906
        ],
        [
            0.1851504882129634,
            -0.5206494352150995,
            0.8334527355073587
        ]
    ],
    "t": [
        [
            0.023739896596197702
        ],
        [
            0.14519239544093865
        ],
        [
            1.0724798386691443
        ]
    ],
    "T": [
        [
            -0.7962858791790699,
            -0.5764998108337441,
            -0.18323964289605316,
            0.023739896596197702
        ],
        [
            0.5758889609417054,
            -0.6297397349055045,
            -0.5213250146948906,
            0.14519239544093865
        ],
        [
            0.1851504882129634,
            -0.5206494352150995,
            0.8334527355073587,
            1.0724798386691443
        ],
        [
            0.0,
            0.0,
            0.0,
            1.0
        ]
    ],
    "rvec": [
        [
            0.0013915028593861536
        ],
        [
            -0.7587795901771349
        ],
        [
            2.3735952897004893
        ]
    ]
}