{
    "sample_id": 50,
    "R": [
        [
            -0.9801322777080402,
            0.024345693801250134,
            0.1968451304660209
        ],
        [
            -0.09589653012425199,
            -0.9269000586115225,
            -0.3628500197823954
        ],
        [
            0.1736219274889478,
            -0.3745177813392737,
            0.9108193332136353
        ]
    ],
    "t": [
        [
            0.12178588035758786
        ],
        [
            -0.15525200065877598
        ],
        [
            1.1139955199728482
        ]
    ],
    "T": [
        [
            -0.9801322777080402,
            0.024345693801250134,
            0.1968451304660209,
            0.12178588035758786
        ],
        [
            -0.09589653012425199,
            -0.9269000586115225,
            -0.3628500197823954,
            -0.15525200065877598
        ],
        [
            0.1736219274889478,
            -0.3745177813392737,
            0.9108193332136353,
            1.1139955199728482
        ],
        [
            0.0,
            0.0,
            0.0,
            1.0
        ]
    ],
    "rvec": [
        [
            -0.29212769215402334
        ],
        [
            0.5814432063121338
        ],
        [
            -3.010524615504912
        ]
    ]
}