{
    "sample_id": 44,
    "R": [
        [
            -0.9716401346077246,
            -0.13288902084501814,
            -0.19559130082479412
        ],
        [
            0.17965989737749602,
            -0.9526719806231688,
            -0.24523135731352988
        ],
        [
            -0.1537457969955289,
            -0.27341654206426663,
            0.949529159337315
        ]
    ],
    "t": [
        [
            0.24005485397542348
        ],
        [
            -0.024271952756084094
        ],
        [
            0.8398864603650399
        ]
    ],
    "T": [
        [
            -0.9716401346077246,
            -0.13288902084501814,
            -0.19559130082479412,
            0.24005485397542348
        ],
        [
            0.17965989737749602,
            -0.9526719806231688,
            -0.24523135731352988,
            -0.024271952756084094
        ],
        [
            -0.1537457969955289,
            -0.27341654206426663,
            0.949529159337315,
            0.8398864603650399
        ],
        [
            0.0,
            0.0,
            0.0,
            1.0
        ]
    ],
    "rvec": [
        [
            -0.2655314519971573
        ],
        [
            -0.3942247492646629
        ],
        [
            2.9445103450526613
        ]
    ]
}