{
    "sample_id": 52,
    "R": [
        [
            -0.009692051728161566,
            -0.8721968957962788,
            -0.48905893213050916
        ],
        [
            0.9781888813073947,
            -0.10975470912705615,
            0.17635310122315162
        ],
        [
            -0.20749114829285245,
            -0.47668278633465533,
            0.854237054097013
        ]
    ],
    "t": [
        [
            -0.02219771421564812
        ],
        [
            -0.11451376641879113
        ],
        [
            0.9959883196646091
        ]
    ],
    "T": [
        [
            -0.009692051728161566,
            -0.8721968957962788,
            -0.48905893213050916,
            -0.02219771421564812
        ],
        [
            0.9781888813073947,
            -0.10975470912705615,
            0.17635310122315162,
            -0.11451376641879113
        ],
        [
            -0.20749114829285245,
            -0.47668278633465533,
            0.854237054097013,
            0.9959883196646091
        ],
        [
            0.0,
            0.0,
            0.0,
            1.0
        ]
    ],
    "rvec": [
        [
            -0.5612755917306476
        ],
        [
            -0.24200373593063573
        ],
        [
            1.5903817719082143
        ]
    ]
}