{
    "sample_id": 57,
    "R": [
        [
            -0.3988553277893019,
            0.8685865320774847,
            -0.294060986510787
        ],
        [
            -0.8629446995515527,
            -0.4640003323082711,
            -0.20007532864822336
        ],
        [
            -0.3102271313247265,
            0.17395725886384478,
            0.9346111485952908
        ]
    ],
    "t": [
        [
            0.4010437173749724
        ],
        [
            -0.07670688434733147
        ],
        [
            1.045373323263062
        ]
    ],
    "T": [
        [
            -0.3988553277893019,
            0.8685865320774847,
            -0.294060986510787,
            0.4010437173749724
        ],
        [
            -0.8629446995515527,
            -0.4640003323082711,
            -0.20007532864822336,
            -0.07670688434733147
        ],
        [
            -0.3102271313247265,
            0.17395725886384478,
            0.9346111485952908,
            1.045373323263062
        ],
        [
            0.0,
            0.0,
            0.0,
            1.0
        ]
    ],
    "rvec": [
        [
            0.43355068599473734
        ],
        [
            0.018738589652292335
        ],
        [
            -2.0070618934235513
        ]
    ]
}