{
    "sample_id": 8,
    "R": [
        [
            -0.7187848969877937,
            -0.6928065001418264,
            -0.05802952027615085
        ],
        [
            0.6501172464555389,
            -0.640217827575011,
            -0.40922939669114866
        ],
        [
            0.24636525267032855,
            -0.33187390168009134,
            0.9105843594419565
        ]
    ],
    "t": [
        [
            -0.02163487646974753
        ],
        [
            0.06635377639440834
        ],
        [
            1.0862878988495726
        ]
    ],
    "T": [
        [
            -0.7187848969877937,
            -0.6928065001418264,
            -0.05802952027615085,
            -0.02163487646974753
        ],
        [
            0.6501172464555389,
            -0.640217827575011,
            -0.40922939669114866,
            0.06635377639440834
        ],
        [
            0.24636525267032855,
            -0.33187390168009134,
            0.9105843594419565,
            1.0862878988495726
        ],
        [
            0.0,
            0.0,
            0.0,
            1.0
        ]
    ],
    "rvec": [
        [
            0.13352971033053065
        ],
        [
            -0.525440963849576
        ],
        [
            2.3181316188785908
        ]
    ]
}