{
    "sample_id": 15,
    "R": [
        [
            -0.9705370137407667,
            0.1980377568859815,
            -0.13725506113336494
        ],
        [
            -0.17638920588807527,
            -0.9720080641261092,
            -0.15520042306639453
        ],
        [
            -0.16414856991557691,
            -0.12641744389672865,
            0.9783015265618712
        ]
    ],
    "t": [
        [
            0.44151465123522415
        ],
        [
            0.025928109556723394
        ],
        [
            1.1202360156890212
        ]
    ],
    "T": [
        [
            -0.9705370137407667,
            0.1980377568859815,
            -0.13725506113336494,
            0.44151465123522415
        ],
        [
            -0.17638920588807527,
            -0.9720080641261092,
            -0.15520042306639453,
            0.025928109556723394
        ],
        [
            -0.16414856991557691,
            -0.12641744389672865,
            0.9783015265618712,
            1.1202360156890212
        ],
        [
            0.0,
            0.0,
            0.0,
            1.0
        ]
    ],
    "rvec": [
        [
            0.22569738379926313
        ],
        [
            0.21088138714023952
        ],
        [
            -2.9360124754240218
        ]
    ]
}