{
    "sample_id": 16,
    "R": [
        [
            -0.9710334450102837,
            0.11137026331809523,
            -0.21140178126004192
        ],
        [
            -0.0849147141833668,
            -0.987823267316657,
            -0.1303636600552528
        ],
        [
            -0.22334623342831997,
            -0.10863635209405054,
            0.9686664044019901
        ]
    ],
    "t": [
        [
            0.42313637716570546
        ],
        [
            -0.0110183976935907
        ],
        [
            1.1659024376107958
        ]
    ],
    "T": [
        [
            -0.9710334450102837,
            0.11137026331809523,
            -0.21140178126004192,
            0.42313637716570546
        ],
        [
            -0.0849147141833668,
            -0.987823267316657,
            -0.1303636600552528,
            -0.0110183976935907
        ],
        [
            -0.22334623342831997,
            -0.10863635209405054,
            0.9686664044019901,
            1.1659024376107958
        ],
        [
            0.0,
            0.0,
            0.0,
            1.0
        ]
    ],
    "rvec": [
        [
            0.334128245596011
        ],
        [
            0.1836849210550513
        ],
        [
            -3.018521911988721
        ]
    ]
}