{
    "sample_id": 41,
    "R": [
        [
            -0.9797923127500606,
            -0.03573771996196083,
            -0.19679898182614614
        ],
        [
            0.06932075146836882,
            -0.9836006527898596,
            -0.1665064240419047
        ],
        [
            -0.18762104703829996,
            -0.1767839676081584,
            0.9662017240229754
        ]
    ],
    "t": [
        [
            0.3489751125062748
        ],
        [
            -0.15353779188508165
        ],
        [
            1.1476643275802125
        ]
    ],
    "T": [
        [
            -0.9797923127500606,
            -0.03573771996196083,
            -0.19679898182614614,
            0.3489751125062748
        ],
        [
            0.06932075146836882,
            -0.9836006527898596,
            -0.1665064240419047,
            -0.15353779188508165
        ],
        [
            -0.18762104703829996,
            -0.1767839676081584,
            0.9662017240229754,
            1.1476643275802125
        ],
        [
            0.0,
            0.0,
            0.0,
            1.0
        ]
    ],
    "rvec": [
        [
            -0.29958133130505465
        ],
        [
            -0.267528705147213
        ],
        [
            3.062361792297873
        ]
    ]
}