{
    "sample_id": 47,
    "R": [
        [
            -0.8875604416789007,
            -0.46063300038019517,
            -0.007328118960120179
        ],
        [
            0.4397176061035687,
            -0.8423007719215663,
            -0.3117335986108657
        ],
        [
            0.13742230259059623,
            -0.2799047133955993,
            0.9501412853726678
        ]
    ],
    "t": [
        [
            -0.015752703643890822
        ],
        [
            -0.04120718682519561
        ],
        [
            1.0798759535821996
        ]
    ],
    "T": [
        [
            -0.8875604416789007,
            -0.46063300038019517,
            -0.007328118960120179,
            -0.015752703643890822
        ],
        [
            0.4397176061035687,
            -0.8423007719215663,
            -0.3117335986108657,
            -0.04120718682519561
        ],
        [
            0.13742230259059623,
            -0.2799047133955993,
            0.9501412853726678,
            1.0798759535821996
        ],
        [
            0.0,
            0.0,
            0.0,
            1.0
        ]
    ],
    "rvec": [
        [
            0.09305996653184151
        ],
        [
            -0.4232152428171962
        ],
        [
            2.6324075360991586
        ]
    ]
}