{
    "sample_id": 30,
    "R": [
        [
            -0.8364617865849504,
            -0.4723384730241284,
            -0.2778993459588338
        ],
        [
            0.5217665374000502,
            -0.841481681544677,
            -0.14024357409273625
        ],
        [
            -0.16760477329919618,
            -0.26230697002934833,
            0.9503176802739957
        ]
    ],
    "t": [
        [
            -0.002271909120750461
        ],
        [
            -0.03788625621196557
        ],
        [
            1.123800042216222
        ]
    ],
    "T": [
        [
            -0.8364617865849504,
            -0.4723384730241284,
            -0.2778993459588338,
            -0.002271909120750461
        ],
        [
            0.5217665374000502,
            -0.841481681544677,
            -0.14024357409273625,
            -0.03788625621196557
        ],
        [
            -0.16760477329919618,
            -0.26230697002934833,
            0.9503176802739957,
            1.123800042216222
        ],
        [
            0.0,
            0.0,
            0.0,
            1.0
        ]
    ],
    "rvec": [
        [
            -0.31660884380287224
        ],
        [
            -0.28608279213888116
        ],
        [
            2.578516151823993
        ]
    ]
}