{
    "sample_id": 39,
    "R": [
        [
            -0.9948695329521562,
            -0.0068797190695795655,
            -0.10093206561386858
        ],
        [
            0.022260419199453665,
            -0.9881197976882389,
            -0.15206491756358026
        ],
        [
            -0.09868680834145566,
            -0.1535315436061187,
            0.9832034270573407
        ]
    ],
    "t": [
        [
            0.3763580684756378
        ],
        [
            -0.10189693017573215
        ],
        [
            1.1691117001477482
        ]
    ],
    "T": [
        [
            -0.9948695329521562,
            -0.0068797190695795655,
            -0.10093206561386858,
            0.3763580684756378
        ],
        [
            0.022260419199453665,
            -0.9881197976882389,
            -0.15206491756358026,
            -0.10189693017573215
        ],
        [
            -0.09868680834145566,
            -0.1535315436061187,
            0.9832034270573407,
            1.1691117001477482
        ],
        [
            0.0,
            0.0,
            0.0,
            1.0
        ]
    ],
    "rvec": [
        [
            -0.1567179397952663
        ],
        [
            -0.23991943674603586
        ],
        [
            3.1138015434172144
        ]
    ]
}