{
    "sample_id": 7,
    "R": [
        [
            -0.7565122295909005,
            -0.6534825171447369,
            -0.025492082409706955
        ],
        [
            0.5994149863479418,
            -0.6772784167577004,
            -0.42660944707739357
        ],
        [
            0.2615165780995564,
            -0.3380156002026554,
            0.9040766192080941
        ]
    ],
    "t": [
        [
            0.007938064823743535
        ],
        [
            0.11257789972929465
        ],
        [
            1.1085398681499237
        ]
    ],
    "T": [
        [
            -0.7565122295909005,
            -0.6534825171447369,
            -0.025492082409706955,
            0.007938064823743535
        ],
        [
            0.5994149863479418,
            -0.6772784167577004,
            -0.42660944707739357,
            0.11257789972929465
        ],
        [
            0.2615165780995564,
            -0.3380156002026554,
            0.9040766192080941,
            1.1085398681499237
        ],
        [
            0.0,
            0.0,
            0.0,
            1.0
        ]
    ],
    "rvec": [
        [
            0.16789203375615777
        ],
        [
            -0.5439030973184984
        ],
        [
            2.3743354349068073
        ]
    ]
}