{
    "sample_id": 48,
    "R": [
        [
            -0.9184015634121863,
            -0.15017433661491905,
            0.36604130497024634
        ],
        [
            0.017346723389305624,
            -0.939559393934182,
            -0.34194624790701766
        ],
        [
            0.39526909759011875,
            -0.30769435141435675,
            0.8654978489851897
        ]
    ],
    "t": [
        [
            0.07244146842470621
        ],
        [
            -0.08260177072468332
        ],
        [
            1.1795635666141675
        ]
    ],
    "T": [
        [
            -0.9184015634121863,
            -0.15017433661491905,
            0.36604130497024634,
            0.07244146842470621
        ],
        [
            0.017346723389305624,
            -0.939559393934182,
            -0.34194624790701766,
            -0.08260177072468332
        ],
        [
            0.39526909759011875,
            -0.30769435141435675,
            0.8654978489851897,
            1.1795635666141675
        ],
        [
            0.0,
            0.0,
            0.0,
            1.0
        ]
    ],
    "rvec": [
        [
            0.6031755352340136
        ],
        [
            -0.5147011191330009
        ],
        [
            2.950044096176341
        ]
    ]
}