{
    "sample_id": 40,
    "R": [
        [
            -0.9947940189477261,
            -0.006125888448907856,
            -0.10172184306501125
        ],
        [
            0.021729136713792327,
            -0.9879868492423417,
            -0.15300271351143954
        ],
        [
            -0.09956256567357313,
            -0.15441651211869103,
            0.9829765186928904
        ]
    ],
    "t": [
        [
            0.3762097984598132
        ],
        [
            -0.10186266202407927
        ],
        [
            1.169368484006774
        ]
    ],
    "T": [
        [
            -0.9947940189477261,
            -0.006125888448907856,
            -0.10172184306501125,
            0.3762097984598132
        ],
        [
            0.021729136713792327,
            -0.9879868492423417,
            -0.15300271351143954,
            -0.10186266202407927
        ],
        [
            -0.09956256567357313,
            -0.15441651211869103,
            0.9829765186928904,
            1.169368484006774
        ],
        [
            0.0,
            0.0,
            0.0,
            1.0
        ]
    ],
    "rvec": [
        [
            0.1594802561486095
        ],
        [
            0.24357225259396018
        ],
        [
            -3.1421211799108297
        ]
    ]
}