{
    "sample_id": 4,
    "R": [
        [
            -0.9963477063522581,
            -0.07658506074848458,
            0.03776210424149114
        ],
        [
            0.0422357616632493,
            -0.8263616246315924,
            -0.5615537425509337
        ],
        [
            0.0742117812973083,
            -0.5579078721495029,
            0.826578137691951
        ]
    ],
    "t": [
        [
            0.17382644688120924
        ],
        [
            0.20567839781616548
        ],
        [
            0.9098701847263847
        ]
    ],
    "T": [
        [
            -0.9963477063522581,
            -0.07658506074848458,
            0.03776210424149114,
            0.17382644688120924
        ],
        [
            0.0422357616632493,
            -0.8263616246315924,
            -0.5615537425509337,
            0.20567839781616548
        ],
        [
            0.0742117812973083,
            -0.5579078721495029,
            0.826578137691951,
            0.9098701847263847
        ],
        [
            0.0,
            0.0,
            0.0,
            1.0
        ]
    ],
    "rvec": [
        [
            0.09029350969586702
        ],
        [
            -0.902711535593539
        ],
        [
            2.9427126856440906
        ]
    ]
}