{
    "sample_id": 69,
    "R": [
        [
            -0.9852926438974702,
            -0.1277957813134368,
            0.11343123097287286
        ],
        [
            0.07355439910052719,
            -0.9163738953057781,
            -0.3935081122099966
        ],
        [
            0.154234095628993,
            -0.37937728224104716,
            0.9122964000065455
        ]
    ],
    "t": [
        [
            0.10886938033848978
        ],
        [
            0.18971032846277855
        ],
        [
            0.9505327790818373
        ]
    ],
    "T": [
        [
            -0.9852926438974702,
            -0.1277957813134368,
            0.11343123097287286,
            0.10886938033848978
        ],
        [
            0.07355439910052719,
            -0.9163738953057781,
            -0.3935081122099966,
            0.18971032846277855
        ],
        [
            0.154234095628993,
            -0.37937728224104716,
            0.9122964000065455,
            0.9505327790818373
        ],
        [
            0.0,
            0.0,
            0.0,
            1.0
        ]
    ],
    "rvec": [
        [
            0.2084986261764694
        ],
        [
            -0.6020411570699793
        ],
        [
            2.9708966910608723
        ]
    ]
}