{
    "sample_id": 19,
    "R": [
        [
            -0.49720878004207053,
            0.8674591205439169,
            0.01726566634248608
        ],
        [
            -0.8652423155789423,
            -0.49426615993948786,
            -0.08400415745820289
        ],
        [
            -0.06433633794882834,
            -0.056706589774441124,
            0.9963158125290832
        ]
    ],
    "t": [
        [
            0.43567817459647484
        ],
        [
            0.0775000737352704
        ],
        [
            1.011502951631712
        ]
    ],
    "T": [
        [
            -0.49720878004207053,
            0.8674591205439169,
            0.01726566634248608,
            0.43567817459647484
        ],
        [
            -0.8652423155789423,
            -0.49426615993948786,
            -0.08400415745820289,
            0.0775000737352704
        ],
        [
            -0.06433633794882834,
            -0.056706589774441124,
            0.9963158125290832,
            1.011502951631712
        ],
        [
            0.0,
            0.0,
            0.0,
            1.0
        ]
    ],
    "rvec": [
        [
            0.032911259389924605
        ],
        [
            0.0983832977751626
        ],
        [
            -2.08902811672325
        ]
    ]
}