{
    "sample_id": 32,
    "R": [
        [
            -0.9843319913635257,
            -0.018483844293347346,
            -0.17535358074032997
        ],
        [
            0.047959996178484385,
            -0.985062282032303,
            -0.16538482180620878
        ],
        [
            -0.16967725111185616,
            -0.17120352805199712,
            0.9705148027916282
        ]
    ],
    "t": [
        [
            0.06341754064240696
        ],
        [
            0.017992448954590526
        ],
        [
            0.9226691440607998
        ]
    ],
    "T": [
        [
            -0.9843319913635257,
            -0.018483844293347346,
            -0.17535358074032997,
            0.06341754064240696
        ],
        [
            0.047959996178484385,
            -0.985062282032303,
            -0.16538482180620878,
            0.017992448954590526
        ],
        [
            -0.16967725111185616,
            -0.17120352805199712,
            0.9705148027916282,
            0.9226691440607998
        ],
        [
            0.0,
            0.0,
            0.0,
            1.0
        ]
    ],
    "rvec": [
        [
            -0.27017364154731055
        ],
        [
            -0.26356282334371184
        ],
        [
            3.0851143846034264
        ]
    ]
}