{
    "sample_id": 60,
    "R": [
        [
            -0.9961462471678602,
            -0.030261137213659424,
            -0.08232203731641068
        ],
        [
            0.027758168037325386,
            -0.9991219638243184,
            0.03138129237378637
        ],
        [
            -0.08319938918405616,
            0.02897524768442078,
            0.996111588458354
        ]
    ],
    "t": [
        [
            0.2743316859080571
        ],
        [
            -0.21088670116872094
        ],
        [
            1.0340002875494119
        ]
    ],
    "T": [
        [
            -0.9961462471678602,
            -0.030261137213659424,
            -0.08232203731641068,
            0.2743316859080571
        ],
        [
            0.027758168037325386,
            -0.9991219638243184,
            0.03138129237378637,
            -0.21088670116872094
        ],
        [
            -0.08319938918405616,
            0.02897524768442078,
            0.996111588458354,
            1.0340002875494119
        ],
        [
            0.0,
            0.0,
            0.0,
            1.0
        ]
    ],
    "rvec": [
        [
            -0.12895106008676432
        ],
        [
            0.047021343328340126
        ],
        [
            3.1095228408183835
        ]
    ]
}