{
    "sample_id": 58,
    "R": [
        [
            -0.965656971114167,
            0.19980891330511716,
            -0.16608134242726047
        ],
        [
            -0.22919506987190688,
            -0.9561593210273334,
            0.18228815858129807
        ],
        [
            -0.12237742473603741,
            0.2140928559676313,
            0.9691171316918296
        ]
    ],
    "t": [
        [
            0.3471193561141535
        ],
        [
            -0.1752002341100094
        ],
        [
            1.1141190898010025
        ]
    ],
    "T": [
        [
            -0.965656971114167,
            0.19980891330511716,
            -0.16608134242726047,
            0.3471193561141535
        ],
        [
            -0.22919506987190688,
            -0.9561593210273334,
            0.18228815858129807,
            -0.1752002341100094
        ],
        [
            -0.12237742473603741,
            0.2140928559676313,
            0.9691171316918296,
            1.1141190898010025
        ],
        [
            0.0,
            0.0,
            0.0,
            1.0
        ]
    ],
    "rvec": [
        [
            0.21504974458661802
        ],
        [
            -0.29550717690433753
        ],
        [
            -2.9007412297689252
        ]
    ]
}