{
    "sample_id": 21,
    "R": [
        [
            -0.8430389354346213,
            0.32444240431456745,
            0.428978413936929
        ],
        [
            -0.5073721983524264,
            -0.7443989850934625,
            -0.43410091376412585
        ],
        [
            0.17849035178486947,
            -0.5836156931358218,
            0.7921703838476342
        ]
    ],
    "t": [
        [
            0.3247692355417748
        ],
        [
            0.10487316238666766
        ],
        [
            0.8666267321624267
        ]
    ],
    "T": [
        [
            -0.8430389354346213,
            0.32444240431456745,
            0.428978413936929,
            0.3247692355417748
        ],
        [
            -0.5073721983524264,
            -0.7443989850934625,
            -0.43410091376412585,
            0.10487316238666766
        ],
        [
            0.17849035178486947,
            -0.5836156931358218,
            0.7921703838476342,
            0.8666267321624267
        ],
        [
            0.0,
            0.0,
            0.0,
            1.0
        ]
    ],
    "rvec": [
        [
            -0.4554502402706406
        ],
        [
            0.7630339192653727
        ],
        [
            -2.533864292462237
        ]
    ]
}