{
    "sample_id": 53,
    "R": [
        [
            -0.8225779115407728,
            -0.022382249278392982,
            -0.5682117689404722
        ],
        [
            0.12439247344100703,
            -0.982107300201992,
            -0.14139223260555314
        ],
        [
            -0.5548802501409191,
            -0.18698739478155837,
            0.8106439552580131
        ]
    ],
    "t": [
        [
            0.0780844376855062
        ],
        [
            -0.0879229492528295
        ],
        [
            0.9767547311410115
        ]
    ],
    "T": [
        [
            -0.8225779115407728,
            -0.022382249278392982,
            -0.5682117689404722,
            0.0780844376855062
        ],
        [
            0.12439247344100703,
            -0.982107300201992,
            -0.14139223260555314,
            -0.0879229492528295
        ],
        [
            -0.5548802501409191,
            -0.18698739478155837,
            0.8106439552580131,
            0.9767547311410115
        ],
        [
            0.0,
            0.0,
            0.0,
            1.0
        ]
    ],
    "rvec": [
        [
            -0.905686399990886
        ],
        [
            -0.26481264002021915
        ],
        [
            2.9154819038970374
        ]
    ]
}