{
    "sample_id": 38,
    "R": [
        [
            -0.9506000817376351,
            0.006291304484476994,
            -0.3103544813407487
        ],
        [
            0.07242490794820958,
            -0.9677067032367195,
            -0.2414505523278279
        ],
        [
            -0.3018511509156374,
            -0.2520003095208484,
            0.9194464240467205
        ]
    ],
    "t": [
        [
            0.42920419052191705
        ],
        [
            -0.08118333710411557
        ],
        [
            1.1047182392943768
        ]
    ],
    "T": [
        [
            -0.9506000817376351,
            0.006291304484476994,
            -0.3103544813407487,
            0.42920419052191705
        ],
        [
            0.07242490794820958,
            -0.9677067032367195,
            -0.2414505523278279,
            -0.08118333710411557
        ],
        [
            -0.3018511509156374,
            -0.2520003095208484,
            0.9194464240467205,
            1.1047182392943768
        ],
        [
            0.0,
            0.0,
            0.0,
            1.0
        ]
    ],
    "rvec": [
        [
            0.49622959752464774
        ],
        [
            0.39997169198014176
        ],
        [
            -3.110730496373325
        ]
    ]
}