{
    "sample_id": 17,
    "R": [
        [
            -0.979366414765479,
            0.10543995914678317,
            -0.17240603424630044
        ],
        [
            -0.08225357907250609,
            -0.9872174883319651,
            -0.13651366034682874
        ],
        [
            -0.1845962468718549,
            -0.11951588072993073,
            0.9755204661585397
        ]
    ],
    "t": [
        [
            0.4118042961823845
        ],
        [
            -0.046563104986937706
        ],
        [
            1.1365757128660388
        ]
    ],
    "T": [
        [
            -0.979366414765479,
            0.10543995914678317,
            -0.17240603424630044,
            0.4118042961823845
        ],
        [
            -0.08225357907250609,
            -0.9872174883319651,
            -0.13651366034682874,
            -0.046563104986937706
        ],
        [
            -0.1845962468718549,
            -0.11951588072993073,
            0.9755204661585397,
            1.1365757128660388
        ],
        [
            0.0,
            0.0,
            0.0,
            1.0
        ]
    ],
    "rvec": [
        [
            0.2742448587212755
        ],
        [
            0.19667881421135863
        ],
        [
            -3.0282771651347606
        ]
    ]
}