{
    "sample_id": 42,
    "R": [
        [
            -0.5731205068851236,
            0.78364168996238,
            -0.23966348562232856
        ],
        [
            -0.7974584281381147,
            -0.6006713381301569,
            -0.05704383350033546
        ],
        [
            -0.18866091269583726,
            0.15842867575610092,
            0.9691787320814167
        ]
    ],
    "t": [
        [
            0.4272591583722951
        ],
        [
            -0.06285347985087189
        ],
        [
            1.0336187091358624
        ]
    ],
    "T": [
        [
            -0.5731205068851236,
            0.78364168996238,
            -0.23966348562232856,
            0.4272591583722951
        ],
        [
            -0.7974584281381147,
            -0.6006713381301569,
            -0.05704383350033546,
            -0.06285347985087189
        ],
        [
            -0.18866091269583726,
            0.15842867575610092,
            0.9691787320814167,
            1.0336187091358624
        ],
        [
            0.0,
            0.0,
            0.0,
            1.0
        ]
    ],
    "rvec": [
        [
            0.2992378610996055
        ],
        [
            -0.07082992111507151
        ],
        [
            -2.1957558259167715
        ]
    ]
}