{
    "sample_id": 43,
    "R": [
        [
            -0.9908694131770032,
            -0.06694063434830601,
            -0.11703314702812939
        ],
        [
            0.10258333435743408,
            -0.9375994378514473,
            -0.33224080672422046
        ],
        [
            -0.08748980250504765,
            -0.3412129036447718,
            0.9359055982544021
        ]
    ],
    "t": [
        [
            0.3695782096418952
        ],
        [
            -0.0660637355111167
        ],
        [
            0.9035750596244732
        ]
    ],
    "T": [
        [
            -0.9908694131770032,
            -0.06694063434830601,
            -0.11703314702812939,
            0.3695782096418952
        ],
        [
            0.10258333435743408,
            -0.9375994378514473,
            -0.33224080672422046,
            -0.0660637355111167
        ],
        [
            -0.08748980250504765,
            -0.3412129036447718,
            0.9359055982544021,
            0.9035750596244732
        ],
        [
            0.0,
            0.0,
            0.0,
            1.0
        ]
    ],
    "rvec": [
        [
            -0.15908695641917553
        ],
        [
            -0.5238419518022079
        ],
        [
            3.0058806163496596
        ]
    ]
}