{
    "sample_id": 64,
    "R": [
        [
            0.06247855067240049,
            -0.9891564426878794,
            -0.13291336499741657
        ],
        [
            0.866123333976466,
            0.11990848863959896,
            -0.4852342987605662
        ],
        [
            0.49591007354899286,
            -0.08480263109849469,
            0.8642231845486474
        ]
    ],
    "t": [
        [
            0.13295826737017002
        ],
        [
            -0.1414725126287948
        ],
        [
            0.915440440023768
        ]
    ],
    "T": [
        [
            0.06247855067240049,
            -0.9891564426878794,
            -0.13291336499741657,
            0.13295826737017002
        ],
        [
            0.866123333976466,
            0.11990848863959896,
            -0.4852342987605662,
            -0.1414725126287948
        ],
        [
            0.49591007354899286,
            -0.08480263109849469,
            0.8642231845486474,
            0.915440440023768
        ],
        [
            0.0,
            0.0,
            0.0,
            1.0
        ]
    ],
    "rvec": [
        [
            0.30991599494514005
        ],
        [
            -0.48668089299669964
        ],
        [
            1.4359026129066303
        ]
    ]
}