{
    "sample_id": 26,
    "R": [
        [
            -0.9578180834381463,
            -0.2742973027096994,
            0.08570594358070927
        ],
        [
            0.2420580601112371,
            -0.9308109799240476,
            -0.2738591155832118
        ],
        [
            0.15489485005661394,
            -0.24156139877682808,
            0.9579434618216884
        ]
    ],
    "t": [
        [
            0.022266521879495217
        ],
        [
            0.0033846713271225262
        ],
        [
            1.1687353220121668
        ]
    ],
    "T": [
        [
            -0.9578180834381463,
            -0.2742973027096994,
            0.08570594358070927,
            0.022266521879495217
        ],
        [
            0.2420580601112371,
            -0.9308109799240476,
            -0.2738591155832118,
            0.0033846713271225262
        ],
        [
            0.15489485005661394,
            -0.24156139877682808,
            0.9579434618216884,
            1.1687353220121668
        ],
        [
            0.0,
            0.0,
            0.0,
            1.0
        ]
    ],
    "rvec": [
        [
            0.17805280510524513
        ],
        [
            -0.3814287850144366
        ],
        [
            2.846595049815797
        ]
    ]
}