{
    "sample_id": 27,
    "R": [
        [
            -0.9364870323421315,
            -0.17339686476121785,
            0.3048369491154372
        ],
        [
            0.18358628800236748,
            -0.9829916330858193,
            0.0048501691502449975
        ],
        [
            0.2988111663116683,
            0.06050600444793999,
            0.9523922040384445
        ]
    ],
    "t": [
        [
            0.22228029434740357
        ],
        [
            -0.07054870486709348
        ],
        [
            1.263476574669397
        ]
    ],
    "T": [
        [
            -0.9364870323421315,
            -0.17339686476121785,
            0.3048369491154372,
            0.22228029434740357
        ],
        [
            0.18358628800236748,
            -0.9829916330858193,
            0.0048501691502449975,
            -0.07054870486709348
        ],
        [
            0.2988111663116683,
            0.06050600444793999,
            0.9523922040384445,
            1.263476574669397
        ],
        [
            0.0,
            0.0,
            0.0,
            1.0
        ]
    ],
    "rvec": [
        [
            0.4558981777162651
        ],
        [
            0.049359485575199244
        ],
        [
            2.9241851811191113
        ]
    ]
}