{
    "sample_id": 33,
    "R": [
        [
            -0.9873405627749197,
            -0.12456662894391049,
            -0.09819250507475069
        ],
        [
            0.13738046218545644,
            -0.9810167860843928,
            -0.13686735925836724
        ],
        [
            -0.07927939019073743,
            -0.14862442724599045,
            0.9857106867214058
        ]
    ],
    "t": [
        [
            0.17401798333726926
        ],
        [
            -0.0115064657500736
        ],
        [
            0.8480453255744256
        ]
    ],
    "T": [
        [
            -0.9873405627749197,
            -0.12456662894391049,
            -0.09819250507475069,
            0.17401798333726926
        ],
        [
            0.13738046218545644,
            -0.9810167860843928,
            -0.13686735925836724,
            -0.0115064657500736
        ],
        [
            -0.07927939019073743,
            -0.14862442724599045,
            0.9857106867214058,
            0.8480453255744256
        ],
        [
            0.0,
            0.0,
            0.0,
            1.0
        ]
    ],
    "rvec": [
        [
            -0.13460284476220188
        ],
        [
            -0.21653009656680325
        ],
        [
            2.998946989190999
        ]
    ]
}