{
    "sample_id": 25,
    "R": [
        [
            -0.7696731056847217,
            -0.6225967778755579,
            -0.14133846809912948
        ],
        [
            0.6328212166256989,
            -0.7146703107249922,
            -0.29796586173018796
        ],
        [
            0.08450217851632974,
            -0.3187782915244018,
            0.9440549680388203
        ]
    ],
    "t": [
        [
            -0.026718323501101787
        ],
        [
            0.022924036735971567
        ],
        [
            1.0749792517599615
        ]
    ],
    "T": [
        [
            -0.7696731056847217,
            -0.6225967778755579,
            -0.14133846809912948,
            -0.026718323501101787
        ],
        [
            0.6328212166256989,
            -0.7146703107249922,
            -0.29796586173018796,
            0.022924036735971567
        ],
        [
            0.08450217851632974,
            -0.3187782915244018,
            0.9440549680388203,
            1.0749792517599615
        ],
        [
            0.0,
            0.0,
            0.0,
            1.0
        ]
    ],
    "rvec": [
        [
            -0.039967101153120035
        ],
        [
            -0.4336925605041815
        ],
        [
            2.4108390260914385
        ]
    ]
}