{
    "sample_id": 54,
    "R": [
        [
            -0.9959118015346918,
            -0.09025639520180329,
            -0.0036696987751775227
        ],
        [
            0.08955431035776719,
            -0.9812181504416503,
            -0.17085364128461436
        ],
        [
            0.01181985872459361,
            -0.17048379503355407,
            0.9852895851325577
        ]
    ],
    "t": [
        [
            0.12861044749198902
        ],
        [
            -0.07861877390585137
        ],
        [
            0.8750835891847442
        ]
    ],
    "T": [
        [
            -0.9959118015346918,
            -0.09025639520180329,
            -0.0036696987751775227,
            0.12861044749198902
        ],
        [
            0.08955431035776719,
            -0.9812181504416503,
            -0.17085364128461436,
            -0.07861877390585137
        ],
        [
            0.01181985872459361,
            -0.17048379503355407,
            0.9852895851325577,
            0.8750835891847442
        ],
        [
            0.0,
            0.0,
            0.0,
            1.0
        ]
    ],
    "rvec": [
        [
            0.00625279861296699
        ],
        [
            -0.26187390942147865
        ],
        [
            3.0399662754352326
        ]
    ]
}