{
    "sample_id": 66,
    "R": [
        [
            -0.9120148190189726,
            -0.22752365673179983,
            0.34126522752425353
        ],
        [
            0.11015210449529994,
            -0.9373374619664322,
            -0.33055256203754285
        ],
        [
            0.3950892098818278,
            -0.26387775204006353,
            0.8799278653464925
        ]
    ],
    "t": [
        [
            0.05049988899788638
        ],
        [
            -0.13877019322248424
        ],
        [
            0.9570375666366056
        ]
    ],
    "T": [
        [
            -0.9120148190189726,
            -0.22752365673179983,
            0.34126522752425353,
            0.05049988899788638
        ],
        [
            0.11015210449529994,
            -0.9373374619664322,
            -0.33055256203754285,
            -0.13877019322248424
        ],
        [
            0.3950892098818278,
            -0.26387775204006353,
            0.8799278653464925,
            0.9570375666366056
        ],
        [
            0.0,
            0.0,
            0.0,
            1.0
        ]
    ],
    "rvec": [
        [
            0.5677491660508517
        ],
        [
            -0.45832183246122127
        ],
        [
            2.8753757504448854
        ]
    ]
}