{
    "sample_id": 14,
    "R": [
        [
            -0.9924068338605968,
            0.12299505637314084,
            0.0009445710950942007
        ],
        [
            -0.11718435706313235,
            -0.9431332275575215,
            -0.31107481662235614
        ],
        [
            -0.037369808221157416,
            -0.3088234628144373,
            0.9503849568721159
        ]
    ],
    "t": [
        [
            0.43469812951939635
        ],
        [
            0.056619376610595004
        ],
        [
            1.0040265051521353
        ]
    ],
    "T": [
        [
            -0.9924068338605968,
            0.12299505637314084,
            0.0009445710950942007,
            0.43469812951939635
        ],
        [
            -0.11718435706313235,
            -0.9431332275575215,
            -0.31107481662235614,
            0.056619376610595004
        ],
        [
            -0.037369808221157416,
            -0.3088234628144373,
            0.9503849568721159,
            1.0040265051521353
        ],
        [
            0.0,
            0.0,
            0.0,
            1.0
        ]
    ],
    "rvec": [
        [
            0.027950728586186357
        ],
        [
            0.4756759303890455
        ],
        [
            -2.981845666964378
        ]
    ]
}