{
    "sample_id": 22,
    "R": [
        [
            -0.9902387716470852,
            -0.13812576386776693,
            0.018666774837069133
        ],
        [
            0.12842754409207427,
            -0.9562393753642451,
            -0.26289279739368454
        ],
        [
            0.054162173565600755,
            -0.2579293127175437,
            0.9646444570906451
        ]
    ],
    "t": [
        [
            0.23956428070591873
        ],
        [
            0.07324549258166548
        ],
        [
            0.8565757105126269
        ]
    ],
    "T": [
        [
            -0.9902387716470852,
            -0.13812576386776693,
            0.018666774837069133,
            0.23956428070591873
        ],
        [
            0.12842754409207427,
            -0.9562393753642451,
            -0.26289279739368454,
            0.07324549258166548
        ],
        [
            0.054162173565600755,
            -0.2579293127175437,
            0.9646444570906451,
            0.8565757105126269
        ],
        [
            0.0,
            0.0,
            0.0,
            1.0
        ]
    ],
    "rvec": [
        [
            0.05548850375500348
        ],
        [
            -0.3968152808250114
        ],
        [
            2.9798911842592997
        ]
    ]
}