{
    "sample_id": 59,
    "R": [
        [
            -0.9941486758482178,
            -0.050015366136707956,
            -0.09574379070961397
        ],
        [
            0.053457234594552955,
            -0.9980004318862665,
            -0.0337262809145682
        ],
        [
            -0.09386551219025147,
            -0.03864713579343861,
            0.9948344910165837
        ]
    ],
    "t": [
        [
            0.2974554438593922
        ],
        [
            -0.18986671499161695
        ],
        [
            1.141185874051414
        ]
    ],
    "T": [
        [
            -0.9941486758482178,
            -0.050015366136707956,
            -0.09574379070961397,
            0.2974554438593922
        ],
        [
            0.053457234594552955,
            -0.9980004318862665,
            -0.0337262809145682,
            -0.18986671499161695
        ],
        [
            -0.09386551219025147,
            -0.03864713579343861,
            0.9948344910165837,
            1.141185874051414
        ],
        [
            0.0,
            0.0,
            0.0,
            1.0
        ]
    ],
    "rvec": [
        [
            -0.14675025510348688
        ],
        [
            -0.056014220832929895
        ],
        [
            3.0857708522831797
        ]
    ]
}