{
    "sample_id": 28,
    "R": [
        [
            -0.9840129448632654,
            -0.15829905782001297,
            0.08160841031916033
        ],
        [
            0.14326297304107483,
            -0.9757779299866631,
            -0.16532740821283964
        ],
        [
            0.10580285864264968,
            -0.1509928463346487,
            0.9828565080716543
        ]
    ],
    "t": [
        [
            0.22850409828344104
        ],
        [
            -0.12004346044407158
        ],
        [
            1.2349687147829131
        ]
    ],
    "T": [
        [
            -0.9840129448632654,
            -0.15829905782001297,
            0.08160841031916033,
            0.22850409828344104
        ],
        [
            0.14326297304107483,
            -0.9757779299866631,
            -0.16532740821283964,
            -0.12004346044407158
        ],
        [
            0.10580285864264968,
            -0.1509928463346487,
            0.9828565080716543,
            1.2349687147829131
        ],
        [
            0.0,
            0.0,
            0.0,
            1.0
        ]
    ],
    "rvec": [
        [
            0.14149354294130814
        ],
        [
            -0.23881847536682033
        ],
        [
            2.9766574329718116
        ]
    ]
}