{
    "sample_id": 20,
    "R": [
        [
            0.01311220094962822,
            0.9816148528142881,
            0.1904215085557308
        ],
        [
            -0.9693606981045876,
            0.05919571873080119,
            -0.2384023990108544
        ],
        [
            -0.2452914738763729,
            -0.18146114630500812,
            0.9523150451532462
        ]
    ],
    "t": [
        [
            0.3868374923325421
        ],
        [
            0.13089572892053547
        ],
        [
            0.9604210546213164
        ]
    ],
    "T": [
        [
            0.01311220094962822,
            0.9816148528142881,
            0.1904215085557308,
            0.3868374923325421
        ],
        [
            -0.9693606981045876,
            0.05919571873080119,
            -0.2384023990108544,
            0.13089572892053547
        ],
        [
            -0.2452914738763729,
            -0.18146114630500812,
            0.9523150451532462,
            0.9604210546213164
        ],
        [
            0.0,
            0.0,
            0.0,
            1.0
        ]
    ],
    "rvec": [
        [
            0.0443743939241747
        ],
        [
            0.3395517063911394
        ],
        [
            -1.5203978402115363
        ]
    ]
}