{
    "sample_id": 24,
    "R": [
        [
            -0.8036412496923375,
            -0.4188164375035441,
            -0.42279254188050436
        ],
        [
            0.5818494298439317,
            -0.7021242984071201,
            -0.41045427342957597
        ],
        [
            -0.12494792028373143,
            -0.5758595846759429,
            0.8079441539819577
        ]
    ],
    "t": [
        [
            0.024698456209241177
        ],
        [
            0.06741116586673371
        ],
        [
            0.9558133578940695
        ]
    ],
    "T": [
        [
            -0.8036412496923375,
            -0.4188164375035441,
            -0.42279254188050436,
            0.024698456209241177
        ],
        [
            0.5818494298439317,
            -0.7021242984071201,
            -0.41045427342957597,
            0.06741116586673371
        ],
        [
            -0.12494792028373143,
            -0.5758595846759429,
            0.8079441539819577,
            0.9558133578940695
        ],
        [
            0.0,
            0.0,
            0.0,
            1.0
        ]
    ],
    "rvec": [
        [
            -0.40444331781831905
        ],
        [
            -0.7282793160947334
        ],
        [
            2.4467933971887406
        ]
    ]
}