{
    "sample_id": 18,
    "R": [
        [
            -0.7765398203608609,
            0.5786619900837027,
            -0.2492713554066945
        ],
        [
            -0.574856402416115,
            -0.8126427766318516,
            -0.09566521932905557
        ],
        [
            -0.2579263925912265,
            0.06900738236191405,
            0.9636970256177159
        ]
    ],
    "t": [
        [
            0.4505209656444278
        ],
        [
            0.002746360520810645
        ],
        [
            1.096813121849601
        ]
    ],
    "T": [
        [
            -0.7765398203608609,
            0.5786619900837027,
            -0.2492713554066945,
            0.4505209656444278
        ],
        [
            -0.574856402416115,
            -0.8126427766318516,
            -0.09566521932905557,
            0.002746360520810645
        ],
        [
            -0.2579263925912265,
            0.06900738236191405,
            0.9636970256177159,
            1.096813121849601
        ],
        [
            0.0,
            0.0,
            0.0,
            1.0
        ]
    ],
    "rvec": [
        [
            0.35607591914243153
        ],
        [
            0.018715015667740923
        ],
        [
            -2.4942833090587953
        ]
    ]
}