{
    "sample_id": 23,
    "R": [
        [
            -0.9788311892426882,
            -0.10430222440930384,
            -0.17609812307067857
        ],
        [
            0.15176193522640327,
            -0.947170042574338,
            -0.28255481851503367
        ],
        [
            -0.1373237706374305,
            -0.30329846098026586,
            0.9429486866128616
        ]
    ],
    "t": [
        [
            0.13840012924710393
        ],
        [
            0.08639267518694325
        ],
        [
            0.870693729395811
        ]
    ],
    "T": [
        [
            -0.9788311892426882,
            -0.10430222440930384,
            -0.17609812307067857,
            0.13840012924710393
        ],
        [
            0.15176193522640327,
            -0.947170042574338,
            -0.28255481851503367,
            0.08639267518694325
        ],
        [
            -0.1373237706374305,
            -0.30329846098026586,
            0.9429486866128616,
            0.870693729395811
        ],
        [
            0.0,
            0.0,
            0.0,
            1.0
        ]
    ],
    "rvec": [
        [
            -0.24042598368283274
        ],
        [
            -0.4494081423285927
        ],
        [
            2.967872087533286
        ]
    ]
}