{
    "sample_id": 36,
    "R": [
        [
            -0.5248849812460712,
            0.8497224156567108,
            -0.049674669529204206
        ],
        [
            -0.8451809407433737,
            -0.5272142498362681,
            -0.08783115719223435
        ],
        [
            -0.10082129669101357,
            -0.00411717137185766,
            0.9948960322734421
        ]
    ],
    "t": [
        [
            0.4253192270188214
        ],
        [
            -0.026489373975488634
        ],
        [
            0.9902829115276811
        ]
    ],
    "T": [
        [
            -0.5248849812460712,
            0.8497224156567108,
            -0.049674669529204206,
            0.4253192270188214
        ],
        [
            -0.8451809407433737,
            -0.5272142498362681,
            -0.08783115719223435,
            -0.026489373975488634
        ],
        [
            -0.10082129669101357,
            -0.00411717137185766,
            0.9948960322734421,
            0.9902829115276811
        ],
        [
            0.0,
            0.0,
            0.0,
            1.0
        ]
    ],
    "rvec": [
        [
            0.1049173099366321
        ],
        [
            0.06410119505793199
        ],
        [
            -2.124193454814353
        ]
    ]
}