{
    "sample_id": 5,
    "R": [
        [
            -0.962174127878412,
            -0.2603801292070981,
            -0.08014446927587707
        ],
        [
            0.26067001377322635,
            -0.7943682048091071,
            -0.5486622814699609
        ],
        [
            0.0791965375561525,
            -0.5487999120831302,
            0.8321938265432313
        ]
    ],
    "t": [
        [
            0.08216029838547506
        ],
        [
            0.1818581935457747
        ],
        [
            0.974833585754593
        ]
    ],
    "T": [
        [
            -0.962174127878412,
            -0.2603801292070981,
            -0.08014446927587707,
            0.08216029838547506
        ],
        [
            0.26067001377322635,
            -0.7943682048091071,
            -0.5486622814699609,
            0.1818581935457747
        ],
        [
            0.0791965375561525,
            -0.5487999120831302,
            0.8321938265432313,
            0.974833585754593
        ],
        [
            0.0,
            0.0,
            0.0,
            1.0
        ]
    ],
    "rvec": [
        [
            -0.0007238501829296821
        ],
        [
            -0.8380331547430827
        ],
        [
            2.740394979187253
        ]
    ]
}