{
    "sample_id": 56,
    "R": [
        [
            -0.9264691976419928,
            -0.11597462136746965,
            -0.35805685724375425
        ],
        [
            0.2212839716307822,
            -0.9373896336955634,
            -0.2689499554552939
        ],
        [
            -0.3044474170031819,
            -0.3284060928770498,
            0.8941259466324201
        ]
    ],
    "t": [
        [
            0.35086990171424726
        ],
        [
            -0.13238383515014931
        ],
        [
            0.9467151642309851
        ]
    ],
    "T": [
        [
            -0.9264691976419928,
            -0.11597462136746965,
            -0.35805685724375425,
            0.35086990171424726
        ],
        [
            0.2212839716307822,
            -0.9373896336955634,
            -0.2689499554552939,
            -0.13238383515014931
        ],
        [
            -0.3044474170031819,
            -0.3284060928770498,
            0.8941259466324201,
            0.9467151642309851
        ],
        [
            0.0,
            0.0,
            0.0,
            1.0
        ]
    ],
    "rvec": [
        [
            -0.5089865872112577
        ],
        [
            -0.4589347242118398
        ],
        [
            2.887172085199026
        ]
    ]
}