{
    "sample_id": 35,
    "R": [
        [
            0.06970571187861459,
            0.9632414435471877,
            0.25943599435048653
        ],
        [
            -0.9936741525498933,
            0.044089593500452474,
            0.10328497615440686
        ],
        [
            0.08804994199740905,
            -0.26499439461636726,
            0.9602214216190753
        ]
    ],
    "t": [
        [
            0.35509064973073506
        ],
        [
            0.025495816822285414
        ],
        [
            0.89622761211214
        ]
    ],
    "T": [
        [
            0.06970571187861459,
            0.9632414435471877,
            0.25943599435048653,
            0.35509064973073506
        ],
        [
            -0.9936741525498933,
            0.044089593500452474,
            0.10328497615440686,
            0.025495816822285414
        ],
        [
            0.08804994199740905,
            -0.26499439461636726,
            0.9602214216190753,
            0.89622761211214
        ],
        [
            0.0,
            0.0,
            0.0,
            1.0
        ]
    ],
    "rvec": [
        [
            -0.2826232858795233
        ],
        [
            0.13152430767048187
        ],
        [
            -1.5017672991031772
        ]
    ]
}