{
    "sample_id": 10,
    "R": [
        [
            -0.9556295849548577,
            -0.2941866975543716,
            -0.015042717209967364
        ],
        [
            0.25547322528367644,
            -0.8022867840178878,
            -0.5395084312162237
        ],
        [
            0.14664763046896548,
            -0.519413229685467,
            0.8418458108855502
        ]
    ],
    "t": [
        [
            0.03399733232974868
        ],
        [
            0.11757237779162116
        ],
        [
            0.9537864725752044
        ]
    ],
    "T": [
        [
            -0.9556295849548577,
            -0.2941866975543716,
            -0.015042717209967364,
            0.03399733232974868
        ],
        [
            0.25547322528367644,
            -0.8022867840178878,
            -0.5395084312162237,
            0.11757237779162116
        ],
        [
            0.14664763046896548,
            -0.519413229685467,
            0.8418458108855502,
            0.9537864725752044
        ],
        [
            0.0,
            0.0,
            0.0,
            1.0
        ]
    ],
    "rvec": [
        [
            0.09992782935619134
        ],
        [
            -0.8040409769801964
        ],
        [
            2.733305405732308
        ]
    ]
}