{
    "sample_id": 11,
    "R": [
        [
            -0.9862128377895558,
            -0.10474318015244241,
            -0.12811364014274318
        ],
        [
            0.152316907364007,
            -0.8771789634789037,
            -0.4553642780907837
        ],
        [
            -0.06468228745287087,
            -0.4685999703815922,
            0.8810393120901212
        ]
    ],
    "t": [
        [
            0.16174487438706395
        ],
        [
            0.12571625740061346
        ],
        [
            0.8715358739140628
        ]
    ],
    "T": [
        [
            -0.9862128377895558,
            -0.10474318015244241,
            -0.12811364014274318,
            0.16174487438706395
        ],
        [
            0.152316907364007,
            -0.8771789634789037,
            -0.4553642780907837,
            0.12571625740061346
        ],
        [
            -0.06468228745287087,
            -0.4685999703815922,
            0.8810393120901212,
            0.8715358739140628
        ],
        [
            0.0,
            0.0,
            0.0,
            1.0
        ]
    ],
    "rvec": [
        [
            -0.15021277693823903
        ],
        [
            -0.7198867594641354
        ],
        [
            2.917392512414925
        ]
    ]
}