{
    "sample_id": 45,
    "R": [
        [
            -0.904724696744874,
            -0.0700656236294645,
            -0.4201952302029499
        ],
        [
            0.1443039815014327,
            -0.978471520015581,
            -0.14754607904391348
        ],
        [
            -0.40081115755768326,
            -0.19412442634509658,
            0.8953580976757046
        ]
    ],
    "t": [
        [
            0.11297946898850886
        ],
        [
            -0.024964255229964965
        ],
        [
            0.8957339072714486
        ]
    ],
    "T": [
        [
            -0.904724696744874,
            -0.0700656236294645,
            -0.4201952302029499,
            0.11297946898850886
        ],
        [
            0.1443039815014327,
            -0.978471520015581,
            -0.14754607904391348,
            -0.024964255229964965
        ],
        [
            -0.40081115755768326,
            -0.19412442634509658,
            0.8953580976757046,
            0.8957339072714486
        ],
        [
            0.0,
            0.0,
            0.0,
            1.0
        ]
    ],
    "rvec": [
        [
            -0.6411173419634026
        ],
        [
            -0.2668077733716238
        ],
        [
            2.950642936096063
        ]
    ]
}