{
    "sample_id": 46,
    "R": [
        [
            -0.6434261333576407,
            -0.5602899409814358,
            -0.5216109593820425
        ],
        [
            0.7611123600192355,
            -0.541149293997922,
            -0.3575827415179597
        ],
        [
            -0.08191938927009335,
            -0.6270826290374895,
            0.7746331970817187
        ]
    ],
    "t": [
        [
            0.009983641334443431
        ],
        [
            0.002943221069015991
        ],
        [
            0.9469104611356012
        ]
    ],
    "T": [
        [
            -0.6434261333576407,
            -0.5602899409814358,
            -0.5216109593820425,
            0.009983641334443431
        ],
        [
            0.7611123600192355,
            -0.541149293997922,
            -0.3575827415179597,
            0.002943221069015991
        ],
        [
            -0.08191938927009335,
            -0.6270826290374895,
            0.7746331970817187,
            0.9469104611356012
        ],
        [
            0.0,
            0.0,
            0.0,
            1.0
        ]
    ],
    "rvec": [
        [
            -0.44708770602111836
        ],
        [
            -0.7294277457682781
        ],
        [
            2.1921446013316257
        ]
    ]
}