{
    "sample_id": 31,
    "R": [
        [
            0.2423935347566173,
            -0.9101358356519156,
            -0.33600317702423854
        ],
        [
            0.9700246470091866,
            0.22119857186393377,
            0.10061498894329292
        ],
        [
            -0.017249884141505994,
            -0.350319786006365,
            0.9364712964258749
        ]
    ],
    "t": [
        [
            -0.07312396129922756
        ],
        [
            -0.0010024101292584763
        ],
        [
            1.0102915548367697
        ]
    ],
    "T": [
        [
            0.2423935347566173,
            -0.9101358356519156,
            -0.33600317702423854,
            -0.07312396129922756
        ],
        [
            0.9700246470091866,
            0.22119857186393377,
            0.10061498894329292,
            -0.0010024101292584763
        ],
        [
            -0.017249884141505994,
            -0.350319786006365,
            0.9364712964258749,
            1.0102915548367697
        ],
        [
            0.0,
            0.0,
            0.0,
            1.0
        ]
    ],
    "rvec": [
        [
            -0.3151252673175469
        ],
        [
            -0.22275331646186142
        ],
        [
            1.3139063731880352
        ]
    ]
}