{
    "sample_id": 49,
    "R": [
        [
            -0.9649773732257542,
            -0.15972793163063337,
            0.20810011297287503
        ],
        [
            0.15787261445038273,
            -0.9871274690296505,
            -0.02560463812900548
        ],
        [
            0.20951111371219536,
            0.00814541245832409,
            0.9777723382704993
        ]
    ],
    "t": [
        [
            0.21966351070327392
        ],
        [
            -0.13672473236879906
        ],
        [
            1.215193843360968
        ]
    ],
    "T": [
        [
            -0.9649773732257542,
            -0.15972793163063337,
            0.20810011297287503,
            0.21966351070327392
        ],
        [
            0.15787261445038273,
            -0.9871274690296505,
            -0.02560463812900548,
            -0.13672473236879906
        ],
        [
            0.20951111371219536,
            0.00814541245832409,
            0.9777723382704993,
            1.215193843360968
        ],
        [
            0.0,
            0.0,
            0.0,
            1.0
        ]
    ],
    "rvec": [
        [
            0.3150236438869784
        ],
        [
            -0.013170308983026563
        ],
        [
            2.9644898181129617
        ]
    ]
}