{
    "sample_id": 55,
    "R": [
        [
            -0.9580623549557217,
            -0.20428317305288168,
            -0.20095996920815642
        ],
        [
            0.24058451638187575,
            -0.954391022631016,
            -0.1767961153380427
        ],
        [
            -0.1556779190957913,
            -0.2177295596118495,
            0.9635134790843538
        ]
    ],
    "t": [
        [
            0.25311928518949345
        ],
        [
            -0.0926637222078728
        ],
        [
            0.8641526714897774
        ]
    ],
    "T": [
        [
            -0.9580623549557217,
            -0.20428317305288168,
            -0.20095996920815642,
            0.25311928518949345
        ],
        [
            0.24058451638187575,
            -0.954391022631016,
            -0.1767961153380427,
            -0.0926637222078728
        ],
        [
            -0.1556779190957913,
            -0.2177295596118495,
            0.9635134790843538,
            0.8641526714897774
        ],
        [
            0.0,
            0.0,
            0.0,
            1.0
        ]
    ],
    "rvec": [
        [
            -0.26574019445004365
        ],
        [
            -0.29397137268648005
        ],
        [
            2.8880840201024123
        ]
    ]
}