{
    "sample_id": 67,
    "R": [
        [
            -0.98427908076539,
            -0.12475174285059566,
            -0.12502677242646015
        ],
        [
            0.16689344208172702,
            -0.8886110413564393,
            -0.4272200793145587
        ],
        [
            -0.05780372096805037,
            -0.4413699353548715,
            0.8954615067143221
        ]
    ],
    "t": [
        [
            0.2596768602864272
        ],
        [
            0.17256529719584043
        ],
        [
            0.9108386039644626
        ]
    ],
    "T": [
        [
            -0.98427908076539,
            -0.12475174285059566,
            -0.12502677242646015,
            0.2596768602864272
        ],
        [
            0.16689344208172702,
            -0.8886110413564393,
            -0.4272200793145587,
            0.17256529719584043
        ],
        [
            -0.05780372096805037,
            -0.4413699353548715,
            0.8954615067143221,
            0.9108386039644626
        ],
        [
            0.0,
            0.0,
            0.0,
            1.0
        ]
    ],
    "rvec": [
        [
            -0.14125996630867088
        ],
        [
            -0.671097003186973
        ],
        [
            2.9115341442523426
        ]
    ]
}