{
    "sample_id": 9,
    "R": [
        [
            -0.47861527658466646,
            -0.7947489357674716,
            -0.37323122339409703
        ],
        [
            0.8493524164566723,
            -0.3113311410258786,
            -0.4262316192948807
        ],
        [
            0.2225486231792838,
            -0.5210058058448059,
            0.8240297692419912
        ]
    ],
    "t": [
        [
            -0.019597502446887332
        ],
        [
            0.09583920355363548
        ],
        [
            1.028465715810053
        ]
    ],
    "T": [
        [
            -0.47861527658466646,
            -0.7947489357674716,
            -0.37323122339409703,
            -0.019597502446887332
        ],
        [
            0.8493524164566723,
            -0.3113311410258786,
            -0.4262316192948807,
            0.09583920355363548
        ],
        [
            0.2225486231792838,
            -0.5210058058448059,
            0.8240297692419912,
            1.028465715810053
        ],
        [
            0.0,
            0.0,
            0.0,
            1.0
        ]
    ],
    "rvec": [
        [
            -0.11228314766402375
        ],
        [
            -0.7058465909681934
        ],
        [
            1.9478391915203443
        ]
    ]
}