{
    "sample_id": 13,
    "R": [
        [
            -0.9329136967667125,
            0.3599192535154654,
            0.011409002319948462
        ],
        [
            -0.30251914031509525,
            -0.7661591007024456,
            -0.566994181763654
        ],
        [
            -0.1953310116906226,
            -0.5324080797280316,
            0.8236427821041281
        ]
    ],
    "t": [
        [
            0.3806019296043604
        ],
        [
            0.1255112357181437
        ],
        [
            0.9064346310388578
        ]
    ],
    "T": [
        [
            -0.9329136967667125,
            0.3599192535154654,
            0.011409002319948462,
            0.3806019296043604
        ],
        [
            -0.30251914031509525,
            -0.7661591007024456,
            -0.566994181763654,
            0.1255112357181437
        ],
        [
            -0.1953310116906226,
            -0.5324080797280316,
            0.8236427821041281,
            0.9064346310388578
        ],
        [
            0.0,
            0.0,
            0.0,
            1.0
        ]
    ],
    "rvec": [
        [
            0.1387200321705511
        ],
        [
            0.8292053659284367
        ],
        [
            -2.6569480194251565
        ]
    ]
}