{
    "sample_id": 51,
    "R": [
        [
            -0.6053181675045445,
            -0.7886563456866037,
            -0.10775474234200819
        ],
        [
            0.7938794000321379,
            -0.6079973604850333,
            -0.009731795715361738
        ],
        [
            -0.057839556477840094,
            -0.09143510295004238,
            0.9941298746416195
        ]
    ],
    "t": [
        [
            0.0035360437217493313
        ],
        [
            -0.1474100701596517
        ],
        [
            1.1057039742849177
        ]
    ],
    "T": [
        [
            -0.6053181675045445,
            -0.7886563456866037,
            -0.10775474234200819,
            0.0035360437217493313
        ],
        [
            0.7938794000321379,
            -0.6079973604850333,
            -0.009731795715361738,
            -0.1474100701596517
        ],
        [
            -0.057839556477840094,
            -0.09143510295004238,
            0.9941298746416195,
            1.1057039742849177
        ],
        [
            0.0,
            0.0,
            0.0,
            1.0
        ]
    ],
    "rvec": [
        [
            -0.11473207298146801
        ],
        [
            -0.07009352425602161
        ],
        [
            2.222279768333716
        ]
    ]
}