{
    "sample_id": 1,
    "R": [
        [
            -0.9343860538795493,
            0.34750685395313924,
            -0.07849642521156833
        ],
        [
            -0.29340573353524846,
            -0.8755953147426907,
            -0.38372636126449666
        ],
        [
            -0.20207864272121026,
            -0.3355172592523964,
            0.920104554330492
        ]
    ],
    "t": [
        [
            0.41049902541237654
        ],
        [
            0.1559410232501474
        ],
        [
            1.011294114027029
        ]
    ],
    "T": [
        [
            -0.9343860538795493,
            0.34750685395313924,
            -0.07849642521156833,
            0.41049902541237654
        ],
        [
            -0.29340573353524846,
            -0.8755953147426907,
            -0.38372636126449666,
            0.1559410232501474
        ],
        [
            -0.20207864272121026,
            -0.3355172592523964,
            0.920104554330492,
            1.011294114027029
        ],
        [
            0.0,
            0.0,
            0.0,
            1.0
        ]
    ],
    "rvec": [
        [
            0.20684745493161236
        ],
        [
            0.5302456610840476
        ],
        [
            -2.7499192480775245
        ]
    ]
}