{
    "sample_id": 62,
    "R": [
        [
            -0.9270793755265679,
            -0.1292031293623556,
            -0.35189541462804425
        ],
        [
            0.23515704435495838,
            -0.9314963270267044,
            -0.2775171296082445
        ],
        [
            -0.2919332046265188,
            -0.3400310928411304,
            0.8939540591874717
        ]
    ],
    "t": [
        [
            0.2275679926570968
        ],
        [
            -0.17268542586647215
        ],
        [
            0.9268460917102009
        ]
    ],
    "T": [
        [
            -0.9270793755265679,
            -0.1292031293623556,
            -0.35189541462804425,
            0.2275679926570968
        ],
        [
            0.23515704435495838,
            -0.9314963270267044,
            -0.2775171296082445,
            -0.17268542586647215
        ],
        [
            -0.2919332046265188,
            -0.3400310928411304,
            0.8939540591874717,
            0.9268460917102009
        ],
        [
            0.0,
            0.0,
            0.0,
            1.0
        ]
    ],
    "rvec": [
        [
            -0.4929507853477886
        ],
        [
            -0.4728290606264357
        ],
        [
            2.873144246418865
        ]
    ]
}