{
    "sample_id": 12,
    "R": [
        [
            -0.9914470043092141,
            -0.0618302982353305,
            -0.11493411967912505
        ],
        [
            0.10167017718467929,
            -0.918079206930041,
            -0.38313671825334483
        ],
        [
            -0.08182916788970344,
            -0.3915451238654839,
            0.9165131768063359
        ]
    ],
    "t": [
        [
            0.27592599553170744
        ],
        [
            0.11430810432148512
        ],
        [
            0.8618902842648449
        ]
    ],
    "T": [
        [
            -0.9914470043092141,
            -0.0618302982353305,
            -0.11493411967912505,
            0.27592599553170744
        ],
        [
            0.10167017718467929,
            -0.918079206930041,
            -0.38313671825334483,
            0.11430810432148512
        ],
        [
            -0.08182916788970344,
            -0.3915451238654839,
            0.9165131768063359,
            0.8618902842648449
        ],
        [
            0.0,
            0.0,
            0.0,
            1.0
        ]
    ],
    "rvec": [
        [
            -0.1539407723711691
        ],
        [
            -0.6060842070245278
        ],
        [
            2.9933605287634
        ]
    ]
}