{
    "sample_id": 3,
    "R": [
        [
            -0.9819553620634184,
            0.001006612243817361,
            -0.18911016272715586
        ],
        [
            0.09036771071819329,
            -0.8759309898038975,
            -0.4738972229932534
        ],
        [
            -0.16612448276654984,
            -0.4824353716643867,
            0.8600341669913999
        ]
    ],
    "t": [
        [
            0.2724043708359287
        ],
        [
            0.1901626792500715
        ],
        [
            0.9212976653047906
        ]
    ],
    "T": [
        [
            -0.9819553620634184,
            0.001006612243817361,
            -0.18911016272715586,
            0.2724043708359287
        ],
        [
            0.09036771071819329,
            -0.8759309898038975,
            -0.4738972229932534,
            0.1901626792500715
        ],
        [
            -0.16612448276654984,
            -0.4824353716643867,
            0.8600341669913999,
            0.9212976653047906
        ],
        [
            0.0,
            0.0,
            0.0,
            1.0
        ]
    ],
    "rvec": [
        [
            -0.2851982036455346
        ],
        [
            -0.7677864238297241
        ],
        [
            2.9849122734121596
        ]
    ]
}