{
    "sample_id": 0,
    "R": [
        [
            -0.8335788042880773,
            0.47435804749187865,
            -0.2830738769673954
        ],
        [
            -0.4200952542867235,
            -0.877122485479349,
            -0.23275764819292719
        ],
        [
            -0.35870092607551585,
            -0.07510384974301856,
            0.9304262772441169
        ]
    ],
    "t": [
        [
            0.4384894851164406
        ],
        [
            0.12535160887754343
        ],
        [
            1.1304160616730885
        ]
    ],
    "T": [
        [
            -0.8335788042880773,
            0.47435804749187865,
            -0.2830738769673954,
            0.4384894851164406
        ],
        [
            -0.4200952542867235,
            -0.877122485479349,
            -0.23275764819292719,
            0.12535160887754343
        ],
        [
            -0.35870092607551585,
            -0.07510384974301856,
            0.9304262772441169,
            1.1304160616730885
        ],
        [
            0.0,
            0.0,
            0.0,
            1.0
        ]
    ],
    "rvec": [
        [
            0.46159486975425484
        ],
        [
            0.2214285873616495
        ],
        [
            -2.6188715996395096
        ]
    ]
}