{
    "sample_id": 61,
    "R": [
        [
            -0.9548116299864948,
            -0.025760765880879145,
            -0.2960931174204551
        ],
        [
            0.09251544114369363,
            -0.9725033057550606,
            -0.21372462058795844
        ],
        [
            -0.28244582558876774,
            -0.23145993872959864,
            0.9309407351549129
        ]
    ],
    "t": [
        [
            0.2682356729973371
        ],
        [
            -0.18732540875476114
        ],
        [
            0.9645080007791567
        ]
    ],
    "T": [
        [
            -0.9548116299864948,
            -0.025760765880879145,
            -0.2960931174204551,
            0.2682356729973371
        ],
        [
            0.09251544114369363,
            -0.9725033057550606,
            -0.21372462058795844,
            -0.18732540875476114
        ],
        [
            -0.28244582558876774,
            -0.23145993872959864,
            0.9309407351549129,
            0.9645080007791567
        ],
        [
            0.0,
            0.0,
            0.0,
            1.0
        ]
    ],
    "rvec": [
        [
            -0.45399150209031147
        ],
        [
            -0.34934555267918965
        ],
        [
            3.027653209251338
        ]
    ]
}