{
    "sample_id": 34,
    "R": [
        [
            -0.9345364863374941,
            -0.29114249866399505,
            -0.20464017488180644
        ],
        [
            0.3216442301678052,
            -0.9370924243863242,
            -0.1356568367518613
        ],
        [
            -0.1522712871940428,
            -0.19259759507700713,
            0.9693913665113916
        ]
    ],
    "t": [
        [
            0.32849981530433653
        ],
        [
            -0.045061229396327694
        ],
        [
            0.8770765946207064
        ]
    ],
    "T": [
        [
            -0.9345364863374941,
            -0.29114249866399505,
            -0.20464017488180644,
            0.32849981530433653
        ],
        [
            0.3216442301678052,
            -0.9370924243863242,
            -0.1356568367518613,
            -0.045061229396327694
        ],
        [
            -0.1522712871940428,
            -0.19259759507700713,
            0.9693913665113916,
            0.8770765946207064
        ],
        [
            0.0,
            0.0,
            0.0,
            1.0
        ]
    ],
    "rvec": [
        [
            -0.26067757934908803
        ],
        [
            -0.23974733173902665
        ],
        [
            2.8053676457374537
        ]
    ]
}