{
    "sample_id": 33,
    "read_joints": [
        7.82,
        -73.65,
        21.18,
        66.09,
        -2.02,
        -44.2
    ],
    "read_coords": [
        219.0,
        -36.8,
        303.3,
        -71.47,
        -42.19,
        -96.94
    ],
    "R": [
        [
            -0.08952549849619022,
            0.23853134000211995,
            0.9669994751579764
        ],
        [
            -0.7354932575978302,
            -0.6705086134721301,
            0.09730296649030395
        ],
        [
            0.6715912842995658,
            -0.7025104974991296,
            0.23546581016441664
        ]
    ],
    "t": [
        [
            0.219
        ],
        [
            -0.0368
        ],
        [
            0.3033
        ]
    ]
}