{
    "sample_id": 4,
    "read_joints": [
        2.1,
        -133.41,
        26.63,
        90.61,
        -7.11,
        -44.12
    ],
    "read_coords": [
        241.2,
        -61.8,
        84.4,
        -112.55,
        -43.9,
        -79.23
    ],
    "R": [
        [
            0.13464719902239147,
            -0.25706709122366267,
            0.9569674197198301
        ],
        [
            -0.7078587686390446,
            -0.7007691844640249,
            -0.08864825867686832
        ],
        [
            0.6934018282758128,
            -0.66546153962151,
            -0.2763238025004893
        ]
    ],
    "t": [
        [
            0.2412
        ],
        [
            -0.061799999999999994
        ],
        [
            0.0844
        ]
    ]
}