{
    "sample_id": 40,
    "read_joints": [
        148.97,
        -69.52,
        -11.6,
        71.98,
        -141.41,
        -44.12
    ],
    "read_coords": [
        -98.7,
        170.2,
        262.9,
        -79.01,
        -49.32,
        -90.45
    ],
    "R": [
        [
            -0.0051194374744327475,
            0.18478491922889692,
            0.982765651101785
        ],
        [
            -0.6518136212135851,
            -0.7459282035357574,
            0.13685802267441532
        ],
        [
            0.7583619152887218,
            -0.639879401759025,
            0.12426406014666438
        ]
    ],
    "t": [
        [
            -0.0987
        ],
        [
            0.1702
        ],
        [
            0.26289999999999997
        ]
    ]
}