{
    "sample_id": 39,
    "read_joints": [
        126.21,
        -68.9,
        -11.6,
        75.32,
        -105.2,
        -44.12
    ],
    "read_coords": [
        -23.2,
        220.4,
        260.8,
        -87.92,
        -49.1,
        -70.5
    ],
    "R": [
        [
            0.2185569746391487,
            0.28635588733281836,
            0.9328628809350368
        ],
        [
            -0.6171858569214194,
            -0.6999139145587072,
            0.35944697831986283
        ],
        [
            0.7558534691676395,
            -0.6543094206848477,
            0.02376373603420423
        ]
    ],
    "t": [
        [
            -0.0232
        ],
        [
            0.2204
        ],
        [
            0.26080000000000003
        ]
    ]
}