{
    "sample_id": 12,
    "read_joints": [
        29.97,
        -111.35,
        26.63,
        83.32,
        -24.25,
        -44.12
    ],
    "read_coords": [
        254.0,
        48.8,
        171.9,
        -91.8,
        -44.68,
        -83.02
    ],
    "R": [
        [
            0.08640822587378941,
            0.05422826150360743,
            0.9947828477389625
        ],
        [
            -0.7057751454720229,
            -0.7014080027927266,
            0.09954023132514228
        ],
        [
            0.7031465441394763,
            -0.7106941038679118,
            -0.022334461983593984
        ]
    ],
    "t": [
        [
            0.254
        ],
        [
            0.048799999999999996
        ],
        [
            0.1719
        ]
    ]
}