{
    "sample_id": 44,
    "read_joints": [
        26.63,
        -55.45,
        -11.51,
        74.09,
        -15.11,
        -44.12
    ],
    "read_coords": [
        228.4,
        28.0,
        309.7,
        -80.75,
        -41.88,
        -84.8
    ],
    "R": [
        [
            0.06747999983970984,
            0.2197980799340301,
            0.9732087410617246
        ],
        [
            -0.7414803695572295,
            -0.6416115807507905,
            0.19631974176772604
        ],
        [
            0.6675727010467906,
            -0.7348628331217915,
            0.11968001217123478
        ]
    ],
    "t": [
        [
            0.2284
        ],
        [
            0.028
        ],
        [
            0.3097
        ]
    ]
}