{
    "sample_id": 11,
    "read_joints": [
        -1.05,
        -110.83,
        26.63,
        78.48,
        5.88,
        -44.12
    ],
    "read_coords": [
        252.9,
        -64.3,
        169.6,
        -97.81,
        -43.26,
        -79.76
    ],
    "R": [
        [
            0.12946255376721902,
            -0.013025280796945315,
            0.9914987590674185
        ],
        [
            -0.7166515943589881,
            -0.6922958592476997,
            0.08448038571887345
        ],
        [
            0.6853101046057839,
            -0.7214962129690285,
            -0.09896097815078278
        ]
    ],
    "t": [
        [
            0.2529
        ],
        [
            -0.0643
        ],
        [
            0.1696
        ]
    ]
}