{
    "sample_id": 30,
    "read_joints": [
        -92.81,
        -78.04,
        -5.09,
        65.74,
        112.32,
        -44.2
    ],
    "read_coords": [
        -29.8,
        -206.3,
        240.8,
        -82.61,
        -27.84,
        -74.87
    ],
    "R": [
        [
            0.23079943339466383,
            0.24504420250942616,
            0.9416395065847767
        ],
        [
            -0.8536034267717156,
            -0.41349949014998555,
            0.3168270213370167
        ],
        [
            0.46700408065485527,
            -0.8769102066130953,
            0.11373512293698931
        ]
    ],
    "t": [
        [
            -0.0298
        ],
        [
            -0.2063
        ],
        [
            0.24080000000000001
        ]
    ]
}