{
    "sample_id": 48,
    "read_joints": [
        -130.6,
        -63.54,
        -18.98,
        83.05,
        108.01,
        -44.12
    ],
    "read_coords": [
        -130.0,
        -123.4,
        265.9,
        -90.22,
        -44.62,
        -112.42
    ],
    "R": [
        [
            -0.27146831203882993,
            -0.2714385999604596,
            0.9233775186836063
        ],
        [
            -0.6579794922568671,
            -0.6478398716227293,
            -0.3838834308813554
        ],
        [
            0.7024015541897549,
            -0.7117756579058816,
            -0.002733035760023473
        ]
    ],
    "t": [
        [
            -0.13
        ],
        [
            -0.12340000000000001
        ],
        [
            0.26589999999999997
        ]
    ]
}