{
    "sample_id": 42,
    "read_joints": [
        110.91,
        -52.91,
        -11.6,
        2.81,
        -103.0,
        -44.12
    ],
    "read_coords": [
        21.0,
        258.5,
        283.4,
        52.35,
        -71.06,
        140.78
    ],
    "R": [
        [
            -0.2514581779562347,
            0.19395153735164355,
            0.9482360391262632
        ],
        [
            0.20523048839721175,
            -0.9467526707597288,
            0.24807222142263724
        ],
        [
            0.9458589912725746,
            0.2569867342262126,
            0.1982639328283726
        ]
    ],
    "t": [
        [
            0.021
        ],
        [
            0.2585
        ],
        [
            0.2834
        ]
    ]
}