{
    "sample_id": 36,
    "read_joints": [
        99.14,
        -72.59,
        21.18,
        -10.54,
        -101.77,
        -44.12
    ],
    "read_coords": [
        72.5,
        255.0,
        267.2,
        55.7,
        -71.35,
        126.41
    ],
    "R": [
        [
            -0.18981213414264284,
            0.011070311051631795,
            0.9817580159822661
        ],
        [
            0.25736086202988906,
            -0.9644112575932458,
            0.06063260610139126
        ],
        [
            0.9474897046551207,
            0.2641748936606849,
            0.18020789419977704
        ]
    ],
    "t": [
        [
            0.0725
        ],
        [
            0.255
        ],
        [
            0.2672
        ]
    ]
}