{
    "sample_id": 53,
    "read_joints": [
        -39.81,
        -56.33,
        22.23,
        46.4,
        76.28,
        -44.12
    ],
    "read_coords": [
        97.4,
        -103.8,
        345.8,
        -84.82,
        -55.97,
        -57.51
    ],
    "R": [
        [
            0.30060493806267363,
            0.5194981494056964,
            0.7998489507253184
        ],
        [
            -0.47203702126758135,
            -0.647682221144814,
            0.5980708912543304
        ],
        [
            0.8287446662061633,
            -0.5573413793869757,
            0.05052588502795427
        ]
    ],
    "t": [
        [
            0.0974
        ],
        [
            -0.1038
        ],
        [
            0.3458
        ]
    ]
}