{
    "sample_id": 2,
    "read_joints": [
        59.23,
        -136.93,
        26.63,
        85.6,
        -58.18,
        -44.12
    ],
    "read_coords": [
        203.1,
        134.2,
        73.0,
        -118.53,
        -62.54,
        -65.59
    ],
    "R": [
        [
            0.19056782700941013,
            -0.11275271192802735,
            0.975177280940131
        ],
        [
            -0.4199096198748812,
            -0.9072783851706924,
            -0.02284388186350811
        ],
        [
            0.8873329783375824,
            -0.4051330124230022,
            -0.2202440187601454
        ]
    ],
    "t": [
        [
            0.2031
        ],
        [
            0.13419999999999999
        ],
        [
            0.073
        ]
    ]
}