{
    "sample_id": 58,
    "read_joints": [
        150.55,
        -54.93,
        22.23,
        -0.79,
        -140.36,
        -44.12
    ],
    "read_coords": [
        -84.8,
        157.6,
        357.1,
        -39.77,
        -56.43,
        -119.66
    ],
    "R": [
        [
            -0.2736311353343083,
            0.40415033370023357,
            0.8728049664991872
        ],
        [
            -0.4805055966999495,
            -0.8435270462363714,
            0.23995102376895153
        ],
        [
            0.8332108816594289,
            -0.3537296001718436,
            0.4250117605979683
        ]
    ],
    "t": [
        [
            -0.0848
        ],
        [
            0.1576
        ],
        [
            0.35710000000000003
        ]
    ]
}