{
    "sample_id": 29,
    "read_joints": [
        -119.79,
        -72.42,
        -5.09,
        67.32,
        123.92,
        -44.2
    ],
    "read_coords": [
        -113.1,
        -148.6,
        262.1,
        -83.02,
        -35.52,
        -90.35
    ],
    "R": [
        [
            -0.004971879230200121,
            0.1179978816554968,
            0.9930013999696754
        ],
        [
            -0.8138975794024443,
            -0.5774127676013249,
            0.06453856253295309
        ],
        [
            0.5809871002524598,
            -0.8078805578399529,
            0.09890901680051437
        ]
    ],
    "t": [
        [
            -0.11309999999999999
        ],
        [
            -0.14859999999999998
        ],
        [
            0.2621
        ]
    ]
}