{
    "sample_id": 8,
    "read_joints": [
        -79.71,
        -114.25,
        26.63,
        52.55,
        80.77,
        -44.2
    ],
    "read_coords": [
        27.3,
        -244.0,
        145.2,
        -95.35,
        -9.45,
        -86.4
    ],
    "R": [
        [
            0.061938405537026814,
            -0.0827910322951324,
            0.9946402761255135
        ],
        [
            -0.9844827643657883,
            -0.1690035830303318,
            0.04723849690248727
        ],
        [
            0.16418684656886295,
            -0.9821320857677021,
            -0.09197415680155246
        ]
    ],
    "t": [
        [
            0.0273
        ],
        [
            -0.244
        ],
        [
            0.1452
        ]
    ]
}