{
    "sample_id": 13,
    "read_joints": [
        59.23,
        -112.06,
        26.63,
        57.65,
        -58.0,
        -44.12
    ],
    "read_coords": [
        221.3,
        164.8,
        150.1,
        -124.43,
        -64.11,
        -60.16
    ],
    "R": [
        [
            0.21726555838003833,
            -0.12121640679678641,
            0.9685567922765737
        ],
        [
            -0.3787536671786312,
            -0.9249848182708046,
            -0.03080171370662793
        ],
        [
            0.8996340015476008,
            -0.36015228541799144,
            -0.24687850163116423
        ]
    ],
    "t": [
        [
            0.22130000000000002
        ],
        [
            0.1648
        ],
        [
            0.15009999999999998
        ]
    ]
}