{
    "sample_id": 63,
    "read_joints": [
        97.55,
        -4.04,
        -0.17,
        -83.05,
        -74.88,
        -44.12
    ],
    "read_coords": [
        98.9,
        102.4,
        327.9,
        112.23,
        -46.49,
        81.77
    ],
    "R": [
        [
            0.09855412358811533,
            0.27832774644319686,
            0.9554165323478709
        ],
        [
            0.6813907850322771,
            -0.7185902635019173,
            0.13904902471194264
        ],
        [
            0.7252542194271441,
            0.637308166243064,
            -0.2604699952835788
        ]
    ],
    "t": [
        [
            0.0989
        ],
        [
            0.1024
        ],
        [
            0.32789999999999997
        ]
    ]
}