{
    "sample_id": 38,
    "read_joints": [
        98.7,
        -68.46,
        -11.6,
        12.21,
        -104.23,
        -44.12
    ],
    "read_coords": [
        71.0,
        274.4,
        226.9,
        57.26,
        -65.08,
        123.48
    ],
    "R": [
        [
            -0.23243731473908497,
            -0.030285443361434655,
            0.9721397464548424
        ],
        [
            0.3514409546290478,
            -0.9345982022535069,
            0.05491316557927503
        ],
        [
            0.9068969898099274,
            0.3544135892779997,
            0.22787904161808786
        ]
    ],
    "t": [
        [
            0.071
        ],
        [
            0.2744
        ],
        [
            0.22690000000000002
        ]
    ]
}