{
    "sample_id": 23,
    "read_joints": [
        -6.41,
        -86.74,
        -5.09,
        96.5,
        15.2,
        -44.12
    ],
    "read_coords": [
        239.6,
        -79.1,
        211.1,
        -83.61,
        -45.16,
        -85.69
    ],
    "R": [
        [
            0.052992426634285106,
            0.1639389001804687,
            0.9850461104572863
        ],
        [
            -0.7031353286772013,
            -0.6943164277514695,
            0.15337994562667706
        ],
        [
            0.70907863617896,
            -0.7007486961543752,
            0.07847772010277404
        ]
    ],
    "t": [
        [
            0.2396
        ],
        [
            -0.07909999999999999
        ],
        [
            0.21109999999999998
        ]
    ]
}