{
    "sample_id": 62,
    "read_joints": [
        97.47,
        -4.04,
        0.0,
        7.38,
        -74.97,
        -44.12
    ],
    "read_coords": [
        107.6,
        37.1,
        410.8,
        -88.85,
        -40.88,
        -68.27
    ],
    "R": [
        [
            0.2799266469301426,
            0.2609040275655089,
            0.9238886084039263
        ],
        [
            -0.7023539128288403,
            -0.6004160290127675,
            0.38236052782492796
        ],
        [
            0.6544769311996147,
            -0.7559296796029613,
            0.015174518868783543
        ]
    ],
    "t": [
        [
            0.1076
        ],
        [
            0.0371
        ],
        [
            0.4108
        ]
    ]
}