{
    "sample_id": 18,
    "read_joints": [
        116.19,
        -109.24,
        49.65,
        15.82,
        -103.27,
        -44.12
    ],
    "read_coords": [
        -0.9,
        255.4,
        203.9,
        -17.36,
        -80.42,
        -145.87
    ],
    "R": [
        [
            -0.13776070323008838,
            0.29197490480067156,
            0.9464526631650365
        ],
        [
            -0.09337624157041817,
            -0.955136038577946,
            0.2810623157234197
        ],
        [
            0.9860541902734019,
            -0.049656850245128656,
            0.15884373159806597
        ]
    ],
    "t": [
        [
            -0.0009
        ],
        [
            0.2554
        ],
        [
            0.2039
        ]
    ]
}