{
    "sample_id": 28,
    "read_joints": [
        -170.94,
        -71.98,
        -5.09,
        67.76,
        165.93,
        -44.12
    ],
    "read_coords": [
        -170.1,
        26.3,
        266.6,
        -77.95,
        -41.2,
        -103.19
    ],
    "R": [
        [
            -0.17168674498883799,
            0.05626908428043803,
            0.9835433146279725
        ],
        [
            -0.732565257655384,
            -0.6748178346677394,
            -0.08926944208767384
        ],
        [
            0.6586894601186805,
            -0.7358360416346733,
            0.1570780537184516
        ]
    ],
    "t": [
        [
            -0.1701
        ],
        [
            0.0263
        ],
        [
            0.2666
        ]
    ]
}