{
    "sample_id": 45,
    "read_joints": [
        -15.82,
        -55.45,
        -11.51,
        78.22,
        40.86,
        -44.12
    ],
    "read_coords": [
        184.4,
        -86.3,
        310.3,
        -76.51,
        -50.75,
        -74.92
    ],
    "R": [
        [
            0.16460935044250374,
            0.4211557606028756,
            0.8919257744105786
        ],
        [
            -0.6109171748594883,
            -0.6664052834025014,
            0.427415727032749
        ],
        [
            0.7743926440821856,
            -0.6152493994830432,
            0.14759474661096933
        ]
    ],
    "t": [
        [
            0.1844
        ],
        [
            -0.0863
        ],
        [
            0.3103
        ]
    ]
}