{
    "sample_id": 55,
    "read_joints": [
        42.36,
        -53.96,
        22.23,
        43.76,
        -28.65,
        -44.12
    ],
    "read_coords": [
        182.0,
        47.0,
        358.2,
        -76.65,
        -37.52,
        -85.04
    ],
    "R": [
        [
            0.06857514854315888,
            0.2812689379664198,
            0.9571756544843406
        ],
        [
            -0.7901707209993563,
            -0.570398123452601,
            0.2242235768983914
        ],
        [
            0.6090383244736255,
            -0.7717083421196078,
            0.18313534346314803
        ]
    ],
    "t": [
        [
            0.182
        ],
        [
            0.047
        ],
        [
            0.35819999999999996
        ]
    ]
}