{
    "sample_id": 47,
    "read_joints": [
        -86.39,
        -64.33,
        -18.98,
        65.83,
        87.71,
        -44.12
    ],
    "read_coords": [
        -2.2,
        -219.2,
        259.4,
        -90.76,
        -26.64,
        -88.23
    ],
    "R": [
        [
            0.02760845046233884,
            0.000590395199286109,
            0.999618639730461
        ],
        [
            -0.8934149455834215,
            -0.4485395467200153,
            0.024940129036858327
        ],
        [
            0.44838321609003223,
            -0.893762790936002,
            -0.011856013961176554
        ]
    ],
    "t": [
        [
            -0.0022
        ],
        [
            -0.21919999999999998
        ],
        [
            0.25939999999999996
        ]
    ]
}