{
    "sample_id": 22,
    "read_joints": [
        24.87,
        -112.5,
        49.65,
        70.4,
        -25.57,
        -44.12
    ],
    "read_coords": [
        236.7,
        15.3,
        211.1,
        -81.02,
        -40.49,
        -96.75
    ],
    "R": [
        [
            -0.08938945971864945,
            0.07962436032818548,
            0.9928088868123284
        ],
        [
            -0.7552477317925725,
            -0.6552573756506224,
            -0.015447824365684093
        ],
        [
            0.6493153225616826,
            -0.7511975325423972,
            0.1187092203193659
        ]
    ],
    "t": [
        [
            0.2367
        ],
        [
            0.015300000000000001
        ],
        [
            0.21109999999999998
        ]
    ]
}