{
    "sample_id": 46,
    "read_joints": [
        -46.31,
        -63.8,
        -18.98,
        46.84,
        76.2,
        -44.12
    ],
    "read_coords": [
        157.7,
        -190.4,
        244.4,
        -98.14,
        -8.87,
        -56.29
    ],
    "R": [
        [
            0.548352355253176,
            -0.03307125339214895,
            0.8355931944956034
        ],
        [
            -0.8219088705482132,
            -0.20555663971660376,
            0.5312365540722696
        ],
        [
            0.15419307053968262,
            -0.9780862743477649,
            -0.13989902404968313
        ]
    ],
    "t": [
        [
            0.15769999999999998
        ],
        [
            -0.1904
        ],
        [
            0.2444
        ]
    ]
}