{
    "sample_id": 54,
    "read_joints": [
        -2.72,
        -53.87,
        22.23,
        44.12,
        4.39,
        -44.12
    ],
    "read_coords": [
        167.9,
        -68.9,
        359.9,
        -72.64,
        -43.75,
        -100.42
    ],
    "R": [
        [
            -0.1306485271358621,
            0.17408212742729035,
            0.9760258066606736
        ],
        [
            -0.710451022970548,
            -0.7030939197630455,
            0.03030320036461659
        ],
        [
            0.6915130557822694,
            -0.6894594642925898,
            0.2155350105668296
        ]
    ],
    "t": [
        [
            0.1679
        ],
        [
            -0.0689
        ],
        [
            0.3599
        ]
    ]
}