{
    "sample_id": 25,
    "read_joints": [
        -79.89,
        -87.8,
        -5.09,
        64.16,
        88.68,
        -44.12
    ],
    "read_coords": [
        26.7,
        -241.4,
        194.2,
        -90.65,
        -15.38,
        -80.87
    ],
    "R": [
        [
            0.15299258984487643,
            0.030880348293253312,
            0.987744740072983
        ],
        [
            -0.9519726088075131,
            -0.26364268688492976,
            0.1556942058405268
        ],
        [
            0.26521956853289474,
            -0.96412599681856,
            -0.01093813173457428
        ]
    ],
    "t": [
        [
            0.026699999999999998
        ],
        [
            -0.2414
        ],
        [
            0.19419999999999998
        ]
    ]
}