{
    "sample_id": 7,
    "read_joints": [
        -80.85,
        -130.86,
        26.63,
        72.24,
        79.27,
        -44.2
    ],
    "read_coords": [
        18.7,
        -222.8,
        92.6,
        -95.79,
        -12.6,
        -88.71
    ],
    "R": [
        [
            0.02197066301505235,
            -0.09597111726856017,
            0.9951416153577857
        ],
        [
            -0.9756694195267619,
            -0.21924649696028542,
            0.00039670008160164194
        ],
        [
            0.2181432413965425,
            -0.970937957966866,
            -0.098453075178696
        ]
    ],
    "t": [
        [
            0.018699999999999998
        ],
        [
            -0.2228
        ],
        [
            0.09259999999999999
        ]
    ]
}