{
    "sample_id": 60,
    "read_joints": [
        168.48,
        -24.08,
        22.32,
        -17.57,
        -159.43,
        -44.12
    ],
    "read_coords": [
        -12.3,
        85.8,
        412.0,
        -62.53,
        -47.76,
        -100.87
    ],
    "R": [
        [
            -0.1267714176931432,
            0.32913522821825025,
            0.9357344758005827
        ],
        [
            -0.66017604084735,
            -0.7320682887523818,
            0.16805836990247636
        ],
        [
            0.7403354663577782,
            -0.5964444837106635,
            0.3100925266818462
        ]
    ],
    "t": [
        [
            -0.0123
        ],
        [
            0.0858
        ],
        [
            0.412
        ]
    ]
}