{
    "sample_id": 31,
    "read_joints": [
        -65.21,
        -85.69,
        21.18,
        -20.3,
        111.97,
        -44.2
    ],
    "read_coords": [
        94.5,
        -251.4,
        205.5,
        -62.26,
        36.79,
        -45.64
    ],
    "R": [
        [
            0.5599159363773152,
            -0.03780872107523431,
            0.8276863202937265
        ],
        [
            -0.572566411765745,
            0.7044006125987224,
            0.41950861861020616
        ],
        [
            -0.5988838354041736,
            -0.7087949474856599,
            0.3727571248284694
        ]
    ],
    "t": [
        [
            0.0945
        ],
        [
            -0.2514
        ],
        [
            0.2055
        ]
    ]
}