{
    "sample_id": 35,
    "read_joints": [
        73.03,
        -72.07,
        21.18,
        -38.14,
        -113.9,
        -44.12
    ],
    "read_coords": [
        177.9,
        209.5,
        246.6,
        57.01,
        -41.9,
        96.04
    ],
    "R": [
        [
            -0.0783185040300804,
            -0.482528952381877,
            0.8723714931379511
        ],
        [
            0.7401796334535973,
            -0.6143383934305202,
            -0.27335407181475363
        ],
        [
            0.6678325554710465,
            0.6243029300511533,
            0.40527216704648733
        ]
    ],
    "t": [
        [
            0.1779
        ],
        [
            0.2095
        ],
        [
            0.24659999999999999
        ]
    ]
}