{
    "sample_id": 43,
    "read_joints": [
        75.32,
        -52.82,
        -11.51,
        65.12,
        -67.93,
        -44.12
    ],
    "read_coords": [
        154.6,
        157.6,
        312.9,
        -89.59,
        -43.38,
        -82.89
    ],
    "R": [
        [
            0.08996122021925897,
            0.09211121910060743,
            0.9916766116897493
        ],
        [
            -0.7212255168098771,
            -0.6806491796487901,
            0.1286485450588341
        ],
        [
            0.6868338465444082,
            -0.7267958568671322,
            0.005200930857380673
        ]
    ],
    "t": [
        [
            0.1546
        ],
        [
            0.1576
        ],
        [
            0.31289999999999996
        ]
    ]
}