{
    "sample_id": 16,
    "read_joints": [
        135.52,
        -110.3,
        26.63,
        68.37,
        -121.81,
        -44.12
    ],
    "read_coords": [
        -63.9,
        211.1,
        180.8,
        -75.46,
        -56.34,
        -87.54
    ],
    "R": [
        [
            0.023790046905694168,
            0.2854059486195387,
            0.958111412185872
        ],
        [
            -0.5537526862503932,
            -0.7941652625353213,
            0.25031879324708656
        ],
        [
            0.8323412738406635,
            -0.5365118640578093,
            0.13915108187332312
        ]
    ],
    "t": [
        [
            -0.0639
        ],
        [
            0.21109999999999998
        ],
        [
            0.18080000000000002
        ]
    ]
}