{
    "sample_id": 14,
    "read_joints": [
        93.51,
        -112.5,
        26.63,
        75.84,
        -92.63,
        -44.12
    ],
    "read_coords": [
        100.1,
        214.8,
        168.3,
        -89.21,
        -54.12,
        -89.71
    ],
    "R": [
        [
            0.002966453184680265,
            0.01788810519397105,
            0.9998355944094371
        ],
        [
            -0.5860820558431763,
            -0.8100890933063337,
            0.01623221256508517
        ],
        [
            0.8102462736564352,
            -0.5860338527753253,
            0.0080808060965082
        ]
    ],
    "t": [
        [
            0.1001
        ],
        [
            0.21480000000000002
        ],
        [
            0.1683
        ]
    ]
}