{
    "sample_id": 27,
    "read_joints": [
        -171.03,
        -89.64,
        -5.09,
        75.84,
        155.47,
        -44.12
    ],
    "read_coords": [
        -192.5,
        14.6,
        207.5,
        -69.12,
        -34.2,
        -118.87
    ],
    "R": [
        [
            -0.399334289058474,
            0.0585510912265757,
            0.9149338201740826
        ],
        [
            -0.7242888939673879,
            -0.6319853895200972,
            -0.2756810938541652
        ],
        [
            0.5620833778521306,
            -0.7727653182883589,
            0.29478134132443096
        ]
    ],
    "t": [
        [
            -0.1925
        ],
        [
            0.0146
        ],
        [
            0.2075
        ]
    ]
}