{
    "sample_id": 20,
    "read_joints": [
        77.08,
        -114.52,
        49.65,
        -26.98,
        -93.69,
        -44.12
    ],
    "read_coords": [
        168.5,
        228.7,
        126.9,
        84.87,
        -43.91,
        80.75
    ],
    "R": [
        [
            0.11580377927792124,
            -0.1992859385727171,
            0.9730748169550693
        ],
        [
            0.7110618705872565,
            -0.6673943913695721,
            -0.22130463746923615
        ],
        [
            0.6935275776073379,
            0.7175443129560917,
            0.06441783947376883
        ]
    ],
    "t": [
        [
            0.1685
        ],
        [
            0.2287
        ],
        [
            0.1269
        ]
    ]
}