{
    "sample_id": 57,
    "read_joints": [
        114.6,
        -55.98,
        22.23,
        -38.75,
        -93.77,
        -44.12
    ],
    "read_coords": [
        13.8,
        241.3,
        297.8,
        81.99,
        -63.17,
        120.62
    ],
    "R": [
        [
            -0.22988880926339084,
            0.3301605459726497,
            0.9155026757243816
        ],
        [
            0.3884112460942744,
            -0.8314068745716259,
            0.3973654650602312
        ],
        [
            0.8923496171809306,
            0.44694140868583954,
            0.06289306733626555
        ]
    ],
    "t": [
        [
            0.013800000000000002
        ],
        [
            0.24130000000000001
        ],
        [
            0.2978
        ]
    ]
}