{
    "sample_id": 41,
    "read_joints": [
        154.42,
        -52.29,
        -11.6,
        56.25,
        -141.32,
        -44.12
    ],
    "read_coords": [
        -90.4,
        148.5,
        318.5,
        -80.96,
        -48.56,
        -83.44
    ],
    "R": [
        [
            0.07561046806510767,
            0.2406740960230726,
            0.9676564662226221
        ],
        [
            -0.6575021885297987,
            -0.717540152187221,
            0.22984125408130154
        ],
        [
            0.749649204093155,
            -0.6536146490881436,
            0.10399019809521674
        ]
    ],
    "t": [
        [
            -0.09040000000000001
        ],
        [
            0.1485
        ],
        [
            0.3185
        ]
    ]
}