{
    "sample_id": 51,
    "read_joints": [
        -98.7,
        -61.17,
        22.23,
        -3.51,
        115.31,
        -44.12
    ],
    "read_coords": [
        -49.3,
        -185.7,
        327.1,
        -73.17,
        -4.33,
        -80.77
    ],
    "R": [
        [
            0.15994021110296489,
            0.2973757387439722,
            0.941268717677803
        ],
        [
            -0.9842351100292375,
            -0.024890784763168805,
            0.17510481723701438
        ],
        [
            0.07550084143950753,
            -0.9544360213447258,
            0.28870660557315964
        ]
    ],
    "t": [
        [
            -0.0493
        ],
        [
            -0.18569999999999998
        ],
        [
            0.3271
        ]
    ]
}