{
    "sample_id": 0,
    "read_joints": [
        114.96,
        -137.98,
        26.63,
        76.37,
        -99.14,
        -44.12
    ],
    "read_coords": [
        18.1,
        227.8,
        78.6,
        -64.86,
        -77.61,
        -97.16
    ],
    "R": [
        [
            -0.026743488118253937,
            0.3113129196835836,
            0.9499310774373854
        ],
        [
            -0.21289167675570103,
            -0.9302447111315604,
            0.29886771551960317
        ],
        [
            0.9767097418432026,
            -0.1942396546790664,
            0.09115391784636645
        ]
    ],
    "t": [
        [
            0.0181
        ],
        [
            0.2278
        ],
        [
            0.07859999999999999
        ]
    ]
}