{
    "sample_id": 59,
    "read_joints": [
        168.48,
        -54.93,
        22.23,
        17.22,
        -158.9,
        -44.12
    ],
    "read_coords": [
        -99.2,
        104.0,
        358.0,
        -68.29,
        -47.72,
        -96.11
    ],
    "R": [
        [
            -0.0716063619950642,
            0.2946438978722996,
            0.9529205120934536
        ],
        [
            -0.6689326326871916,
            -0.7228532668477106,
            0.17324054818019774
        ],
        [
            0.7398659755982937,
            -0.6250345014910861,
            0.24885781100414528
        ]
    ],
    "t": [
        [
            -0.0992
        ],
        [
            0.104
        ],
        [
            0.358
        ]
    ]
}