{
    "sample_id": 21,
    "read_joints": [
        53.26,
        -115.13,
        49.65,
        37.17,
        -77.87,
        -44.12
    ],
    "read_coords": [
        228.0,
        118.0,
        183.7,
        -107.84,
        -71.03,
        -99.08
    ],
    "R": [
        [
            -0.05130087647783809,
            -0.44458709226375254,
            0.8942653618837462
        ],
        [
            -0.3209995323533999,
            -0.8405878167756469,
            -0.4363157371872464
        ],
        [
            0.9456889130689354,
            -0.3094421427033062,
            -0.09958935694983939
        ]
    ],
    "t": [
        [
            0.228
        ],
        [
            0.118
        ],
        [
            0.1837
        ]
    ]
}