{
    "sample_id": 6,
    "read_joints": [
        -63.63,
        -133.85,
        26.63,
        75.41,
        68.99,
        -44.12
    ],
    "read_coords": [
        82.5,
        -209.8,
        79.2,
        -101.22,
        -13.78,
        -78.99
    ],
    "R": [
        [
            0.1854834247734431,
            -0.14637434446540182,
            0.9716843368175894
        ],
        [
            -0.9533411255054804,
            -0.2665017997096589,
            0.14183613492850466
        ],
        [
            0.2381944532399078,
            -0.9526548913608941,
            -0.1889763488162067
        ]
    ],
    "t": [
        [
            0.0825
        ],
        [
            -0.20980000000000001
        ],
        [
            0.0792
        ]
    ]
}