{
    "sample_id": 32,
    "read_joints": [
        -32.43,
        -83.23,
        21.18,
        75.23,
        42.8,
        -44.2
    ],
    "read_coords": [
        162.3,
        -140.6,
        268.6,
        -74.16,
        -52.18,
        -91.49
    ],
    "R": [
        [
            -0.01594427114393765,
            0.2530991907825565,
            0.9673089371255205
        ],
        [
            -0.6129755021326105,
            -0.766785591537005,
            0.19052792550311265
        ],
        [
            0.7899410193191406,
            -0.589898852547164,
            0.16736944094002554
        ]
    ],
    "t": [
        [
            0.1623
        ],
        [
            -0.1406
        ],
        [
            0.2686
        ]
    ]
}