{
    "sample_id": 17,
    "read_joints": [
        134.12,
        -108.63,
        49.65,
        44.38,
        -122.69,
        -44.12
    ],
    "read_coords": [
        -49.4,
        202.6,
        222.8,
        -76.03,
        -55.68,
        -89.33
    ],
    "R": [
        [
            0.0065929293019093005,
            0.2507692900094882,
            0.9680244296872663
        ],
        [
            -0.5637758289757293,
            -0.798595483198357,
            0.21071798422989904
        ],
        [
            0.8259015364714787,
            -0.5471380240883648,
            0.13611258079520344
        ]
    ],
    "t": [
        [
            -0.0494
        ],
        [
            0.2026
        ],
        [
            0.2228
        ]
    ]
}