{
    "sample_id": 34,
    "read_joints": [
        56.25,
        -74.17,
        21.18,
        69.43,
        -41.83,
        -44.2
    ],
    "read_coords": [
        190.0,
        109.8,
        299.5,
        -75.56,
        -32.24,
        -84.59
    ],
    "R": [
        [
            0.07974574946417676,
            0.29696269702522415,
            0.9515533469111976
        ],
        [
            -0.8420532534104641,
            -0.4908023203450187,
            0.22373958247212083
        ],
        [
            0.5334669004383028,
            -0.819100872249231,
            0.21091900629696533
        ]
    ],
    "t": [
        [
            0.19
        ],
        [
            0.1098
        ],
        [
            0.2995
        ]
    ]
}