{
    "sample_id": 69,
    "read_joints": [
        -18.98,
        -133.94,
        19.59,
        113.46,
        9.93,
        -44.12
    ],
    "read_coords": [
        185.8,
        -123.4,
        87.4,
        -91.2,
        -43.96,
        -98.21
    ],
    "R": [
        [
            -0.10279216052866605,
            -0.11983269173737277,
            0.9874583017651045
        ],
        [
            -0.7124473378900623,
            -0.6839005337960092,
            -0.1571586797058837
        ],
        [
            0.6941560072975036,
            -0.7196667186027912,
            -0.015074868764891863
        ]
    ],
    "t": [
        [
            0.18580000000000002
        ],
        [
            -0.12340000000000001
        ],
        [
            0.0874
        ]
    ]
}