{
    "sample_id": 64,
    "read_joints": [
        97.64,
        -3.69,
        -0.08,
        94.57,
        -99.66,
        -44.12
    ],
    "read_coords": [
        119.4,
        -44.1,
        328.0,
        -103.94,
        45.82,
        -92.31
    ],
    "R": [
        [
            -0.028089976787600446,
            -0.21265548430186984,
            0.9767233990236995
        ],
        [
            -0.696348481378343,
            0.7051770615845054,
            0.1335069447523904
        ],
        [
            -0.7171539204983454,
            -0.6763896486577685,
            -0.1678907308414403
        ]
    ],
    "t": [
        [
            0.1194
        ],
        [
            -0.0441
        ],
        [
            0.328
        ]
    ]
}