{
    "sample_id": 5,
    "read_joints": [
        -31.28,
        -133.41,
        26.63,
        91.4,
        30.41,
        -44.12
    ],
    "read_coords": [
        177.4,
        -154.6,
        87.0,
        -106.23,
        -35.09,
        -80.45
    ],
    "R": [
        [
            0.1357544272775006,
            -0.18404691966692488,
            0.9734975433126035
        ],
        [
            -0.8069100940923909,
            -0.5906736605095433,
            0.0008525444655505532
        ],
        [
            0.5748624492227395,
            -0.7856407309587337,
            -0.22869588175623096
        ]
    ],
    "t": [
        [
            0.1774
        ],
        [
            -0.1546
        ],
        [
            0.087
        ]
    ]
}