{
    "sample_id": 61,
    "read_joints": [
        142.38,
        -4.04,
        -0.17,
        -1.66,
        -122.6,
        -44.12
    ],
    "read_coords": [
        67.3,
        81.3,
        412.5,
        -85.16,
        -48.98,
        -73.73
    ],
    "R": [
        [
            0.18387799511907155,
            0.29161916341991556,
            0.9386943839382759
        ],
        [
            -0.6300381084714136,
            -0.6980441637757621,
            0.34027390039842936
        ],
        [
            0.7544805264450195,
            -0.6539821166858202,
            0.05537622477544368
        ]
    ],
    "t": [
        [
            0.0673
        ],
        [
            0.0813
        ],
        [
            0.4125
        ]
    ]
}