{
    "sample_id": 1,
    "read_joints": [
        84.9,
        -136.58,
        26.63,
        86.3,
        -79.18,
        -44.12
    ],
    "read_coords": [
        130.0,
        193.0,
        81.6,
        -101.1,
        -67.0,
        -74.93
    ],
    "R": [
        [
            0.10158968418236808,
            0.04895214151700472,
            0.9936212678423433
        ],
        [
            -0.3772934545393387,
            -0.922275214986371,
            0.08401236208805665
        ],
        [
            0.9205048534524403,
            -0.3834215899799357,
            -0.0752243252396419
        ]
    ],
    "t": [
        [
            0.13
        ],
        [
            0.193
        ],
        [
            0.08159999999999999
        ]
    ]
}