{
    "sample_id": 37,
    "read_joints": [
        98.78,
        -72.59,
        21.18,
        -10.54,
        -101.77,
        -44.12
    ],
    "read_coords": [
        74.1,
        254.6,
        267.2,
        55.7,
        -71.35,
        126.06
    ],
    "R": [
        [
            -0.18823647440820626,
            0.005178888017770555,
            0.9821100797880388
        ],
        [
            0.25851554938711313,
            -0.9644608881018789,
            0.05463429368824951
        ],
        [
            0.9474897046551206,
            0.264174893660685,
            0.18020789419977687
        ]
    ],
    "t": [
        [
            0.0741
        ],
        [
            0.2546
        ],
        [
            0.2672
        ]
    ]
}