{
    "sample_id": 49,
    "read_joints": [
        -169.62,
        -60.64,
        -18.98,
        65.3,
        164.0,
        -44.12
    ],
    "read_coords": [
        -170.0,
        20.9,
        285.0,
        -72.24,
        -38.72,
        -107.43
    ],
    "R": [
        [
            -0.2337050396347256,
            0.1125870319404878,
            0.9657671120348649
        ],
        [
            -0.744387593516146,
            -0.6597209664089537,
            -0.1032247891723565
        ],
        [
            0.6255150398420269,
            -0.7430292098694828,
            0.2379885043697692
        ]
    ],
    "t": [
        [
            -0.17
        ],
        [
            0.0209
        ],
        [
            0.285
        ]
    ]
}