{
    "sample_id": 9,
    "read_joints": [
        -62.57,
        -114.78,
        26.63,
        34.71,
        78.39,
        -44.2
    ],
    "read_coords": [
        104.9,
        -239.3,
        123.7,
        -99.4,
        8.54,
        -70.96
    ],
    "R": [
        [
            0.3226110944933358,
            -0.2021848926717426,
            0.9246855416221925
        ],
        [
            -0.9348100768128806,
            0.08520909851662287,
            0.34477460727130144
        ],
        [
            -0.14849983838007252,
            -0.9756334755969067,
            -0.16151507451563768
        ]
    ],
    "t": [
        [
            0.10490000000000001
        ],
        [
            -0.2393
        ],
        [
            0.1237
        ]
    ]
}