{
    "sample_id": 15,
    "read_joints": [
        122.08,
        -115.22,
        26.63,
        70.57,
        -113.2,
        -44.12
    ],
    "read_coords": [
        -13.7,
        227.7,
        162.0,
        -75.88,
        -60.01,
        -92.38
    ],
    "R": [
        [
            -0.020757168658697644,
            0.2088628150640391,
            0.9777246363024711
        ],
        [
            -0.49941766612345156,
            -0.8493508096389608,
            0.17083675520638447
        ],
        [
            0.8661126570562739,
            -0.4847468686326571,
            0.1219398976453338
        ]
    ],
    "t": [
        [
            -0.013699999999999999
        ],
        [
            0.22769999999999999
        ],
        [
            0.162
        ]
    ]
}