{
    "sample_id": 56,
    "read_joints": [
        92.63,
        -51.15,
        22.23,
        32.43,
        -69.96,
        -44.12
    ],
    "read_coords": [
        103.5,
        149.4,
        358.5,
        -88.4,
        -40.8,
        -68.39
    ],
    "R": [
        [
            0.2787913045926431,
            0.2665114632175709,
            0.92263050483775
        ],
        [
            -0.7037875551363051,
            -0.5969730974839345,
            0.3851054376605179
        ],
        [
            0.6534206039901055,
            -0.7566999146650317,
            0.021136542459436303
        ]
    ],
    "t": [
        [
            0.1035
        ],
        [
            0.1494
        ],
        [
            0.3585
        ]
    ]
}