{
    "sample_id": 67,
    "read_joints": [
        168.48,
        141.15,
        -39.02,
        -92.72,
        -160.22,
        -44.12
    ],
    "read_coords": [
        231.9,
        35.4,
        89.7,
        -101.63,
        -40.32,
        -73.89
    ],
    "R": [
        [
            0.21156432953507043,
            -0.017813998136305687,
            0.9772017171182088
        ],
        [
            -0.7325019570388996,
            -0.6648219291284525,
            0.14646735296339902
        ],
        [
            0.6470559615694442,
            -0.7467894375393391,
            -0.15370139419380435
        ]
    ],
    "t": [
        [
            0.2319
        ],
        [
            0.0354
        ],
        [
            0.0897
        ]
    ]
}