{
    "sample_id": 50,
    "read_joints": [
        -126.73,
        -49.74,
        22.23,
        39.37,
        115.57,
        -44.12
    ],
    "read_coords": [
        -72.2,
        -62.1,
        355.0,
        -98.79,
        -54.53,
        -94.45
    ],
    "R": [
        [
            -0.04502313468009874,
            -0.21480059095395695,
            0.9756196100270883
        ],
        [
            -0.5785273174996528,
            -0.790571215878294,
            -0.20075680693657932
        ],
        [
            0.8144194621018291,
            -0.5734612966456811,
            -0.08867401535523514
        ]
    ],
    "t": [
        [
            -0.0722
        ],
        [
            -0.0621
        ],
        [
            0.355
        ]
    ]
}