{
    "sample_id": 3,
    "read_joints": [
        29.79,
        -136.93,
        26.63,
        101.51,
        -20.47,
        -44.12
    ],
    "read_coords": [
        232.8,
        39.2,
        82.6,
        -102.02,
        -46.58,
        -72.11
    ],
    "R": [
        [
            0.21114467315429378,
            0.020047516124637843,
            0.9772492128908564
        ],
        [
            -0.6541067977400757,
            -0.7400335434227711,
            0.15650767316448355
        ],
        [
            0.7263347879241292,
            -0.6722711147345017,
            -0.14314092407428555
        ]
    ],
    "t": [
        [
            0.2328
        ],
        [
            0.039200000000000006
        ],
        [
            0.08259999999999999
        ]
    ]
}