{
    "sample_id": 10,
    "read_joints": [
        -41.39,
        -113.02,
        26.63,
        72.15,
        38.05,
        -44.12
    ],
    "read_coords": [
        166.4,
        -192.9,
        155.5,
        -103.58,
        -34.46,
        -84.68
    ],
    "R": [
        [
            0.07644810450301998,
            -0.1827952999049004,
            0.9801742526972299
        ],
        [
            -0.8209697006014228,
            -0.5694130823256962,
            -0.04216031748884719
        ],
        [
            0.5658307503240749,
            -0.8014702864168003,
            -0.19359995345729486
        ]
    ],
    "t": [
        [
            0.1664
        ],
        [
            -0.19290000000000002
        ],
        [
            0.1555
        ]
    ]
}