{
    "sample_id": 68,
    "read_joints": [
        167.25,
        131.04,
        -14.41,
        -143.87,
        -159.69,
        -44.2
    ],
    "read_coords": [
        189.7,
        40.6,
        101.6,
        -50.8,
        -47.2,
        -111.04
    ],
    "R": [
        [
            -0.2439327617567464,
            0.38575338827529965,
            0.8897702687637145
        ],
        [
            -0.6341429599690572,
            -0.7576022873852478,
            0.1546010364464725
        ],
        [
            0.7337298645028766,
            -0.5265292941354419,
            0.4294268137341032
        ]
    ],
    "t": [
        [
            0.18969999999999998
        ],
        [
            0.040600000000000004
        ],
        [
            0.1016
        ]
    ]
}