{
    "sample_id": 19,
    "read_joints": [
        94.92,
        -116.19,
        49.65,
        3.33,
        -103.27,
        -44.12
    ],
    "read_coords": [
        90.2,
        256.0,
        163.6,
        53.9,
        -69.64,
        123.2
    ],
    "R": [
        [
            -0.19050689141475632,
            -0.07823342724296319,
            0.9785635672685277
        ],
        [
            0.29112504522692556,
            -0.9564802653770046,
            -0.01979166455747014
        ],
        [
            0.9375251102584435,
            0.2811139142877045,
            0.20499179210089943
        ]
    ],
    "t": [
        [
            0.0902
        ],
        [
            0.256
        ],
        [
            0.1636
        ]
    ]
}