{
    "sample_id": 52,
    "read_joints": [
        -61.87,
        -57.56,
        22.23,
        -29.17,
        115.13,
        -44.12
    ],
    "read_coords": [
        78.8,
        -191.2,
        318.8,
        -66.4,
        16.68,
        -43.31
    ],
    "R": [
        [
            0.6970354052510068,
            0.08323020314011081,
            0.7121898462571761
        ],
        [
            -0.6570826643175482,
            0.4717325946574772,
            0.5879717096859985
        ],
        [
            -0.28702615922580355,
            -0.8778047006156778,
            0.3835034439181785
        ]
    ],
    "t": [
        [
            0.0788
        ],
        [
            -0.19119999999999998
        ],
        [
            0.31880000000000003
        ]
    ]
}