{
    "sample_id": 24,
    "read_joints": [
        -44.2,
        -87.27,
        -5.09,
        68.99,
        67.32,
        -44.12
    ],
    "read_coords": [
        167.1,
        -190.1,
        192.2,
        -99.5,
        -22.09,
        -61.58
    ],
    "R": [
        [
            0.44099516049573734,
            0.03136883082474834,
            0.8969611278489313
        ],
        [
            -0.814923449575794,
            -0.4047558326689159,
            0.4148162090034344
        ],
        [
            0.37606254765773633,
            -0.9138865971077488,
            -0.15293216756455094
        ]
    ],
    "t": [
        [
            0.1671
        ],
        [
            -0.1901
        ],
        [
            0.19219999999999998
        ]
    ]
}