{
    "sample_id": 66,
    "read_joints": [
        68.99,
        29.26,
        0.0,
        -20.12,
        -86.66,
        -44.12
    ],
    "read_coords": [
        66.2,
        -142.9,
        383.9,
        -89.35,
        -34.99,
        -108.07
    ],
    "R": [
        [
            -0.2541145622107371,
            -0.16707052647569026,
            0.9526348872761177
        ],
        [
            -0.7788452078656669,
            -0.5486344389612378,
            -0.3039743320913364
        ],
        [
            0.5734334586132306,
            -0.8191994211233451,
            0.009293921349182853
        ]
    ],
    "t": [
        [
            0.06620000000000001
        ],
        [
            -0.1429
        ],
        [
            0.38389999999999996
        ]
    ]
}