{
    "sample_id": 26,
    "read_joints": [
        -107.4,
        -91.66,
        -5.09,
        89.64,
        103.09,
        -44.12
    ],
    "read_coords": [
        -77.4,
        -189.3,
        190.6,
        -87.98,
        -37.16,
        -95.62
    ],
    "R": [
        [
            -0.07804572518384646,
            -0.02403841909379234,
            0.9966599315654256
        ],
        [
            -0.7931210866710968,
            -0.6042177409942048,
            -0.07668026698909425
        ],
        [
            0.6040428847840078,
            -0.7964565750091661,
            0.028091234691314346
        ]
    ],
    "t": [
        [
            -0.07740000000000001
        ],
        [
            -0.18930000000000002
        ],
        [
            0.1906
        ]
    ]
}