{
    "sample_id": 65,
    "read_joints": [
        97.82,
        39.72,
        0.0,
        7.38,
        -93.42,
        -44.12
    ],
    "read_coords": [
        137.6,
        -170.3,
        337.6,
        -92.51,
        2.93,
        -84.64
    ],
    "R": [
        [
            0.0932911407141184,
            -0.04837257993159899,
            0.9944630996547935
        ],
        [
            -0.9943258680043892,
            0.04675260964146824,
            0.09555240294744316
        ],
        [
            -0.0511158613502366,
            -0.9977345774315299,
            -0.04373650324328432
        ]
    ],
    "t": [
        [
            0.1376
        ],
        [
            -0.1703
        ],
        [
            0.3376
        ]
    ]
}